brand,model,horsepower,cylinders,displacement,weight,acceleration,model year,origin,power_to_weight,car_age,hp_per_cylinder
BMW,1 Series M,335.0,6.0,200,3000,15,80,1,0.11166666666666666,1946,55.833333333333336
BMW,1 Series,300.0,6.0,200,3000,15,80,1,0.1,1946,50.0
BMW,1 Series,230.0,6.0,200,3000,15,80,1,0.07666666666666666,1946,38.333333333333336
BMW,1 Series,320.0,6.0,200,3000,15,80,1,0.10666666666666667,1946,53.333333333333336
Audi,100,172.0,6.0,200,3000,15,80,1,0.05733333333333333,1946,28.666666666666668
FIAT,124 Spider,160.0,4.0,200,3000,15,80,1,0.05333333333333334,1946,40.0
Mercedes-Benz,190-Class,130.0,4.0,200,3000,15,80,1,0.043333333333333335,1946,32.5
Mercedes-Benz,190-Class,158.0,6.0,200,3000,15,80,1,0.05266666666666667,1946,26.333333333333332
BMW,2 Series,240.0,4.0,200,3000,15,80,1,0.08,1946,60.0
BMW,2 Series,320.0,6.0,200,3000,15,80,1,0.10666666666666667,1946,53.333333333333336
BMW,2 Series,335.0,6.0,200,3000,15,80,1,0.11166666666666666,1946,55.833333333333336
BMW,2 Series,248.0,4.0,200,3000,15,80,1,0.08266666666666667,1946,62.0
Audi,200,162.0,5.0,200,3000,15,80,1,0.054,1946,32.4
Audi,200,217.0,5.0,200,3000,15,80,1,0.07233333333333333,1946,43.4
Chrysler,200,184.0,4.0,200,3000,15,80,1,0.06133333333333333,1946,46.0
Chrysler,200,295.0,6.0,200,3000,15,80,1,0.09833333333333333,1946,49.166666666666664
Nissan,200SX,115.0,4.0,200,3000,15,80,1,0.03833333333333333,1946,28.75
Nissan,200SX,140.0,4.0,200,3000,15,80,1,0.04666666666666667,1946,35.0
Nissan,240SX,155.0,4.0,200,3000,15,80,1,0.051666666666666666,1946,38.75
Volvo,240,114.0,4.0,200,3000,15,80,1,0.038,1946,28.5
Mazda,2,100.0,4.0,200,3000,15,80,1,0.03333333333333333,1946,25.0
BMW,3 Series Gran Turismo,300.0,6.0,200,3000,15,80,1,0.1,1946,50.0
BMW,3 Series Gran Turismo,240.0,4.0,200,3000,15,80,1,0.08,1946,60.0
BMW,3 Series Gran Turismo,320.0,6.0,200,3000,15,80,1,0.10666666666666667,1946,53.333333333333336
BMW,3 Series Gran Turismo,248.0,4.0,200,3000,15,80,1,0.08266666666666667,1946,62.0
BMW,3 Series,241.0,4.0,200,3000,15,80,1,0.08033333333333334,1946,60.25
BMW,3 Series,335.0,6.0,200,3000,15,80,1,0.11166666666666666,1946,55.833333333333336
BMW,3 Series,240.0,4.0,200,3000,15,80,1,0.08,1946,60.0
BMW,3 Series,300.0,6.0,200,3000,15,80,1,0.1,1946,50.0
BMW,3 Series,180.0,4.0,200,3000,15,80,1,0.06,1946,45.0
BMW,3 Series,320.0,6.0,200,3000,15,80,1,0.10666666666666667,1946,53.333333333333336
BMW,3 Series,248.0,4.0,200,3000,15,80,1,0.08266666666666667,1946,62.0
Mercedes-Benz,300-Class,177.0,6.0,200,3000,15,80,1,0.059,1946,29.5
Mercedes-Benz,300-Class,158.0,6.0,200,3000,15,80,1,0.05266666666666667,1946,26.333333333333332
Mercedes-Benz,300-Class,228.0,6.0,200,3000,15,80,1,0.076,1946,38.0
Mercedes-Benz,300-Class,217.0,6.0,200,3000,15,80,1,0.07233333333333333,1946,36.166666666666664
Mercedes-Benz,300-Class,121.0,5.0,200,3000,15,80,1,0.04033333333333333,1946,24.2
Mercedes-Benz,300-Class,148.0,6.0,200,3000,15,80,1,0.04933333333333333,1946,24.666666666666668
Mercedes-Benz,300-Class,194.0,6.0,200,3000,15,80,1,0.06466666666666666,1946,32.333333333333336
Mitsubishi,3000GT,218.0,6.0,200,3000,15,80,1,0.07266666666666667,1946,36.333333333333336
Mitsubishi,3000GT,161.0,6.0,200,3000,15,80,1,0.05366666666666667,1946,26.833333333333332
Mitsubishi,3000GT,320.0,6.0,200,3000,15,80,1,0.10666666666666667,1946,53.333333333333336
Chrysler,300,300.0,6.0,200,3000,15,80,1,0.1,1946,50.0
Chrysler,300,292.0,6.0,200,3000,15,80,1,0.09733333333333333,1946,48.666666666666664
Chrysler,300M,250.0,6.0,200,3000,15,80,1,0.08333333333333333,1946,41.666666666666664
Chrysler,300M,255.0,6.0,200,3000,15,80,1,0.085,1946,42.5
Nissan,300ZX,222.0,6.0,200,3000,15,80,1,0.074,1946,37.0
Nissan,300ZX,300.0,6.0,200,3000,15,80,1,0.1,1946,50.0
Mazda,323,82.0,4.0,200,3000,15,80,1,0.027333333333333334,1946,20.5
Mercedes-Benz,350-Class,134.0,6.0,200,3000,15,80,1,0.04466666666666667,1946,22.333333333333332
Nissan,350Z,306.0,6.0,200,3000,15,80,1,0.102,1946,51.0
Ferrari,360,400.0,8.0,200,3000,15,80,1,0.13333333333333333,1946,50.0
Ferrari,360,425.0,8.0,200,3000,15,80,1,0.14166666666666666,1946,53.125
Nissan,370Z,350.0,6.0,200,3000,15,80,1,0.11666666666666667,1946,58.333333333333336
Nissan,370Z,332.0,6.0,200,3000,15,80,1,0.11066666666666666,1946,55.333333333333336
Mazda,3,184.0,4.0,200,3000,15,80,1,0.06133333333333333,1946,46.0
Mazda,3,155.0,4.0,200,3000,15,80,1,0.051666666666666666,1946,38.75
BMW,4 Series Gran Coupe,240.0,4.0,200,3000,15,80,1,0.08,1946,60.0
BMW,4 Series Gran Coupe,300.0,6.0,200,3000,15,80,1,0.1,1946,50.0
BMW,4 Series Gran Coupe,320.0,6.0,200,3000,15,80,1,0.10666666666666667,1946,53.333333333333336
BMW,4 Series Gran Coupe,248.0,4.0,200,3000,15,80,1,0.08266666666666667,1946,62.0
BMW,4 Series,300.0,6.0,200,3000,15,80,1,0.1,1946,50.0
BMW,4 Series,240.0,4.0,200,3000,15,80,1,0.08,1946,60.0
BMW,4 Series,248.0,4.0,200,3000,15,80,1,0.08266666666666667,1946,62.0
BMW,4 Series,320.0,6.0,200,3000,15,80,1,0.10666666666666667,1946,53.333333333333336
Mercedes-Benz,400-Class,268.0,8.0,200,3000,15,80,1,0.08933333333333333,1946,33.5
Mercedes-Benz,400-Class,282.0,8.0,200,3000,15,80,1,0.094,1946,35.25
Mercedes-Benz,400-Class,275.0,8.0,200,3000,15,80,1,0.09166666666666666,1946,34.375
Mercedes-Benz,420-Class,201.0,8.0,200,3000,15,80,1,0.067,1946,25.125
Ferrari,456M,442.0,12.0,200,3000,15,80,1,0.14733333333333334,1946,36.833333333333336
Ferrari,458 Italia,562.0,8.0,200,3000,15,80,1,0.18733333333333332,1946,70.25
Ferrari,458 Italia,597.0,8.0,200,3000,15,80,1,0.199,1946,74.625
Alfa Romeo,4C,237.0,4.0,200,3000,15,80,1,0.079,1946,59.25
Toyota,4Runner,270.0,6.0,200,3000,15,80,1,0.09,1946,45.0
BMW,5 Series Gran Turismo,300.0,6.0,200,3000,15,80,1,0.1,1946,50.0
BMW,5 Series Gran Turismo,445.0,8.0,200,3000,15,80,1,0.14833333333333334,1946,55.625
BMW,5 Series,443.0,8.0,200,3000,15,80,1,0.14766666666666667,1946,55.375
BMW,5 Series,302.0,6.0,200,3000,15,80,1,0.10066666666666667,1946,50.333333333333336
BMW,5 Series,255.0,6.0,200,3000,15,80,1,0.085,1946,42.5
BMW,5 Series,241.0,4.0,200,3000,15,80,1,0.08033333333333334,1946,60.25
BMW,5 Series,240.0,4.0,200,3000,15,80,1,0.08,1946,60.0
Mercedes-Benz,500-Class,322.0,8.0,200,3000,15,80,1,0.10733333333333334,1946,40.25
Mercedes-Benz,500-Class,315.0,8.0,200,3000,15,80,1,0.105,1946,39.375
FIAT,500,160.0,4.0,200,3000,15,80,1,0.05333333333333334,1946,40.0
FIAT,500,101.0,4.0,200,3000,15,80,1,0.033666666666666664,1946,25.25
FIAT,500,135.0,4.0,200,3000,15,80,1,0.045,1946,33.75
FIAT,500L,160.0,4.0,200,3000,15,80,1,0.05333333333333334,1946,40.0
FIAT,500X,180.0,4.0,200,3000,15,80,1,0.06,1946,45.0
FIAT,500X,160.0,4.0,200,3000,15,80,1,0.05333333333333334,1946,40.0
Ferrari,550,485.0,12.0,200,3000,15,80,1,0.16166666666666665,1946,40.416666666666664
Mercedes-Benz,560-Class,238.0,8.0,200,3000,15,80,1,0.07933333333333334,1946,29.75
McLaren,570S,562.0,8.0,200,3000,15,80,1,0.18733333333333332,1946,70.25
Ferrari,575M,515.0,12.0,200,3000,15,80,1,0.17166666666666666,1946,42.916666666666664
Maybach,57,543.0,12.0,200,3000,15,80,1,0.181,1946,45.25
Maybach,57,631.0,12.0,200,3000,15,80,1,0.21033333333333334,1946,52.583333333333336
Maybach,57,604.0,12.0,200,3000,15,80,1,0.20133333333333334,1946,50.333333333333336
Maybach,57,620.0,12.0,200,3000,15,80,1,0.20666666666666667,1946,51.666666666666664
Ferrari,599,611.0,12.0,200,3000,15,80,1,0.20366666666666666,1946,50.916666666666664
Ferrari,599,661.0,12.0,200,3000,15,80,1,0.22033333333333333,1946,55.083333333333336
Mazda,5,157.0,4.0,200,3000,15,80,1,0.052333333333333336,1946,39.25
BMW,6 Series Gran Coupe,445.0,8.0,200,3000,15,80,1,0.14833333333333334,1946,55.625
BMW,6 Series Gran Coupe,315.0,6.0,200,3000,15,80,1,0.105,1946,52.5
BMW,6 Series,445.0,8.0,200,3000,15,80,1,0.14833333333333334,1946,55.625
BMW,6 Series,315.0,6.0,200,3000,15,80,1,0.105,1946,52.5
Mercedes-Benz,600-Class,402.0,12.0,200,3000,15,80,1,0.134,1946,33.5
Mercedes-Benz,600-Class,389.0,12.0,200,3000,15,80,1,0.12966666666666668,1946,32.416666666666664
Pontiac,6000,140.0,6.0,200,3000,15,80,1,0.04666666666666667,1946,23.333333333333332
Pontiac,6000,110.0,4.0,200,3000,15,80,1,0.03666666666666667,1946,27.5
Ferrari,612 Scaglietti,532.0,12.0,200,3000,15,80,1,0.17733333333333334,1946,44.333333333333336
Mazda,626,170.0,6.0,200,3000,15,80,1,0.056666666666666664,1946,28.333333333333332
Mazda,626,130.0,4.0,200,3000,15,80,1,0.043333333333333335,1946,32.5
Mazda,626,165.0,6.0,200,3000,15,80,1,0.055,1946,27.5
Mazda,626,125.0,4.0,200,3000,15,80,1,0.041666666666666664,1946,31.25
Maybach,62,604.0,12.0,200,3000,15,80,1,0.20133333333333334,1946,50.333333333333336
Maybach,62,543.0,12.0,200,3000,15,80,1,0.181,1946,45.25
Maybach,62,631.0,12.0,200,3000,15,80,1,0.21033333333333334,1946,52.583333333333336
Maybach,62,620.0,12.0,200,3000,15,80,1,0.20666666666666667,1946,51.666666666666664
McLaren,650S Coupe,641.0,8.0,200,3000,15,80,1,0.21366666666666667,1946,80.125
McLaren,650S Spider,641.0,8.0,200,3000,15,80,1,0.21366666666666667,1946,80.125
Mazda,6,184.0,4.0,200,3000,15,80,1,0.06133333333333333,1946,46.0
BMW,7 Series,535.0,12.0,200,3000,15,80,1,0.17833333333333334,1946,44.583333333333336
BMW,7 Series,315.0,6.0,200,3000,15,80,1,0.105,1946,52.5
BMW,7 Series,445.0,8.0,200,3000,15,80,1,0.14833333333333334,1946,55.625
BMW,7 Series,255.0,6.0,200,3000,15,80,1,0.085,1946,42.5
BMW,7 Series,320.0,6.0,200,3000,15,80,1,0.10666666666666667,1946,53.333333333333336
Porsche,718 Cayman,300.0,4.0,200,3000,15,80,1,0.1,1946,75.0
Porsche,718 Cayman,350.0,4.0,200,3000,15,80,1,0.11666666666666667,1946,87.5
Volvo,740,114.0,4.0,200,3000,15,80,1,0.038,1946,28.5
Volvo,740,153.0,4.0,200,3000,15,80,1,0.051,1946,38.25
Volvo,740,162.0,4.0,200,3000,15,80,1,0.054,1946,40.5
Volvo,760,144.0,6.0,200,3000,15,80,1,0.048,1946,24.0
Volvo,760,162.0,4.0,200,3000,15,80,1,0.054,1946,40.5
Volvo,780,188.0,4.0,200,3000,15,80,1,0.06266666666666666,1946,47.0
Volvo,780,144.0,6.0,200,3000,15,80,1,0.048,1946,24.0
BMW,8 Series,282.0,8.0,200,3000,15,80,1,0.094,1946,35.25
BMW,8 Series,322.0,12.0,200,3000,15,80,1,0.10733333333333334,1946,26.833333333333332
BMW,8 Series,372.0,12.0,200,3000,15,80,1,0.124,1946,31.0
Audi,80,108.0,4.0,200,3000,15,80,1,0.036,1946,27.0
Audi,80,130.0,5.0,200,3000,15,80,1,0.043333333333333335,1946,26.0
Volvo,850,222.0,5.0,200,3000,15,80,1,0.074,1946,44.4
Volvo,850,168.0,5.0,200,3000,15,80,1,0.056,1946,33.6
Volvo,850,240.0,5.0,200,3000,15,80,1,0.08,1946,48.0
Volvo,850,190.0,5.0,200,3000,15,80,1,0.06333333333333334,1946,38.0
Toyota,86,205.0,4.0,200,3000,15,80,1,0.06833333333333333,1946,51.25
Toyota,86,200.0,4.0,200,3000,15,80,1,0.06666666666666667,1946,50.0
Saab,9-2X,227.0,4.0,200,3000,15,80,1,0.07566666666666666,1946,56.75
Saab,9-2X,165.0,4.0,200,3000,15,80,1,0.055,1946,41.25
Saab,9-2X,230.0,4.0,200,3000,15,80,1,0.07666666666666666,1946,57.5
Saab,9-2X,173.0,4.0,200,3000,15,80,1,0.057666666666666665,1946,43.25
Saab,9-3 Griffin,220.0,4.0,200,3000,15,80,1,0.07333333333333333,1946,55.0
Saab,9-3,210.0,4.0,200,3000,15,80,1,0.07,1946,52.5
Saab,9-3,280.0,6.0,200,3000,15,80,1,0.09333333333333334,1946,46.666666666666664
Saab,9-3,207.0,4.0,200,3000,15,80,1,0.069,1946,51.75
Saab,9-4X,265.0,6.0,200,3000,15,80,1,0.08833333333333333,1946,44.166666666666664
Saab,9-4X,300.0,6.0,200,3000,15,80,1,0.1,1946,50.0
Saab,9-5,260.0,4.0,200,3000,15,80,1,0.08666666666666667,1946,65.0
Saab,9-5,300.0,6.0,200,3000,15,80,1,0.1,1946,50.0
Saab,9-5,220.0,4.0,200,3000,15,80,1,0.07333333333333333,1946,55.0
Saab,9-7X,290.0,6.0,200,3000,15,80,1,0.09666666666666666,1946,48.333333333333336
Saab,9-7X,300.0,8.0,200,3000,15,80,1,0.1,1946,37.5
Saab,9-7X,285.0,6.0,200,3000,15,80,1,0.095,1946,47.5
Saab,9-7X,390.0,8.0,200,3000,15,80,1,0.13,1946,48.75
Saab,9000,225.0,4.0,200,3000,15,80,1,0.075,1946,56.25
Saab,9000,210.0,6.0,200,3000,15,80,1,0.07,1946,35.0
Saab,9000,170.0,4.0,200,3000,15,80,1,0.056666666666666664,1946,42.5
Saab,9000,200.0,4.0,200,3000,15,80,1,0.06666666666666667,1946,50.0
Saab,900,185.0,4.0,200,3000,15,80,1,0.06166666666666667,1946,46.25
Saab,900,150.0,4.0,200,3000,15,80,1,0.05,1946,37.5
Saab,900,170.0,6.0,200,3000,15,80,1,0.056666666666666664,1946,28.333333333333332
Audi,90,172.0,6.0,200,3000,15,80,1,0.05733333333333333,1946,28.666666666666668
Porsche,911,350.0,6.0,200,3000,15,80,1,0.11666666666666667,1946,58.333333333333336
Porsche,911,430.0,6.0,200,3000,15,80,1,0.14333333333333334,1946,71.66666666666667
Porsche,911,400.0,6.0,200,3000,15,80,1,0.13333333333333333,1946,66.66666666666667
Porsche,911,520.0,6.0,200,3000,15,80,1,0.17333333333333334,1946,86.66666666666667
Porsche,911,560.0,6.0,200,3000,15,80,1,0.18666666666666668,1946,93.33333333333333
Porsche,911,475.0,6.0,200,3000,15,80,1,0.15833333333333333,1946,79.16666666666667
Porsche,911,500.0,6.0,200,3000,15,80,1,0.16666666666666666,1946,83.33333333333333
Porsche,911,540.0,6.0,200,3000,15,80,1,0.18,1946,90.0
Porsche,911,370.0,6.0,200,3000,15,80,1,0.12333333333333334,1946,61.666666666666664
Porsche,911,580.0,6.0,200,3000,15,80,1,0.19333333333333333,1946,96.66666666666667
Porsche,911,420.0,6.0,200,3000,15,80,1,0.14,1946,70.0
Porsche,928,345.0,8.0,200,3000,15,80,1,0.115,1946,43.125
Mazda,929,195.0,6.0,200,3000,15,80,1,0.065,1946,32.5
Mazda,929,193.0,6.0,200,3000,15,80,1,0.06433333333333334,1946,32.166666666666664
Volvo,940,114.0,4.0,200,3000,15,80,1,0.038,1946,28.5
Volvo,940,162.0,4.0,200,3000,15,80,1,0.054,1946,40.5
Porsche,944,208.0,4.0,200,3000,15,80,1,0.06933333333333333,1946,52.0
Volvo,960,181.0,6.0,200,3000,15,80,1,0.060333333333333336,1946,30.166666666666668
Porsche,968,236.0,4.0,200,3000,15,80,1,0.07866666666666666,1946,59.0
Audi,A3,150.0,4.0,200,3000,15,80,1,0.05,1946,37.5
Audi,A3,220.0,4.0,200,3000,15,80,1,0.07333333333333333,1946,55.0
Audi,A3,170.0,4.0,200,3000,15,80,1,0.056666666666666664,1946,42.5
Audi,A3,186.0,4.0,200,3000,15,80,1,0.062,1946,46.5
Audi,A4 allroad,252.0,4.0,200,3000,15,80,1,0.084,1946,63.0
Audi,A4,220.0,4.0,200,3000,15,80,1,0.07333333333333333,1946,55.0
Audi,A4,252.0,4.0,200,3000,15,80,1,0.084,1946,63.0
Audi,A4,190.0,4.0,200,3000,15,80,1,0.06333333333333334,1946,47.5
Audi,A5,220.0,4.0,200,3000,15,80,1,0.07333333333333333,1946,55.0
Audi,A6,240.0,6.0,200,3000,15,80,1,0.08,1946,40.0
Audi,A6,220.0,4.0,200,3000,15,80,1,0.07333333333333333,1946,55.0
Audi,A6,310.0,6.0,200,3000,15,80,1,0.10333333333333333,1946,51.666666666666664
Audi,A6,252.0,4.0,200,3000,15,80,1,0.084,1946,63.0
Audi,A6,333.0,6.0,200,3000,15,80,1,0.111,1946,55.5
Audi,A6,340.0,6.0,200,3000,15,80,1,0.11333333333333333,1946,56.666666666666664
Audi,A7,310.0,6.0,200,3000,15,80,1,0.10333333333333333,1946,51.666666666666664
Audi,A7,240.0,6.0,200,3000,15,80,1,0.08,1946,40.0
Audi,A7,333.0,6.0,200,3000,15,80,1,0.111,1946,55.5
Audi,A8,240.0,6.0,200,3000,15,80,1,0.08,1946,40.0
Audi,A8,500.0,12.0,200,3000,15,80,1,0.16666666666666666,1946,41.666666666666664
Audi,A8,450.0,8.0,200,3000,15,80,1,0.15,1946,56.25
Audi,A8,333.0,6.0,200,3000,15,80,1,0.111,1946,55.5
GMC,Acadia Limited,281.0,6.0,200,3000,15,80,1,0.09366666666666666,1946,46.833333333333336
GMC,Acadia,281.0,6.0,200,3000,15,80,1,0.09366666666666666,1946,46.833333333333336
GMC,Acadia,288.0,6.0,200,3000,15,80,1,0.096,1946,48.0
GMC,Acadia,194.0,4.0,200,3000,15,80,1,0.06466666666666666,1946,48.5
GMC,Acadia,310.0,6.0,200,3000,15,80,1,0.10333333333333333,1946,51.666666666666664
Hyundai,Accent,138.0,4.0,200,3000,15,80,1,0.046,1946,34.5
Hyundai,Accent,137.0,4.0,200,3000,15,80,1,0.04566666666666667,1946,34.25
Plymouth,Acclaim,100.0,4.0,200,3000,15,80,1,0.03333333333333333,1946,25.0
Plymouth,Acclaim,106.0,4.0,200,3000,15,80,1,0.035333333333333335,1946,26.5
Honda,Accord Crosstour,271.0,6.0,200,3000,15,80,1,0.09033333333333333,1946,45.166666666666664
Honda,Accord Hybrid,195.0,4.0,200,3000,15,80,1,0.065,1946,48.75
Honda,Accord Hybrid,196.0,4.0,200,3000,15,80,1,0.06533333333333333,1946,49.0
Honda,Accord Hybrid,212.0,4.0,200,3000,15,80,1,0.07066666666666667,1946,53.0
Honda,Accord Plug-In Hybrid,196.0,4.0,200,3000,15,80,1,0.06533333333333333,1946,49.0
Honda,Accord,278.0,6.0,200,3000,15,80,1,0.09266666666666666,1946,46.333333333333336
Honda,Accord,185.0,4.0,200,3000,15,80,1,0.06166666666666667,1946,46.25
Honda,Accord,189.0,4.0,200,3000,15,80,1,0.063,1946,47.25
Oldsmobile,Achieva,150.0,4.0,200,3000,15,80,1,0.05,1946,37.5
Oldsmobile,Achieva,150.0,6.0,200,3000,15,80,1,0.05,1946,25.0
BMW,ActiveHybrid 5,335.0,6.0,200,3000,15,80,1,0.11166666666666666,1946,55.833333333333336
BMW,ActiveHybrid 7,350.0,6.0,200,3000,15,80,1,0.11666666666666667,1946,58.333333333333336
BMW,ActiveHybrid 7,335.0,6.0,200,3000,15,80,1,0.11166666666666666,1946,55.833333333333336
BMW,ActiveHybrid X6,480.0,8.0,200,3000,15,80,1,0.16,1946,60.0
Suzuki,Aerio,155.0,4.0,200,3000,15,80,1,0.051666666666666666,1946,38.75
Ford,Aerostar,135.0,6.0,200,3000,15,80,1,0.045,1946,22.5
Ford,Aerostar,155.0,6.0,200,3000,15,80,1,0.051666666666666666,1946,25.833333333333332
Ford,Aerostar,140.0,6.0,200,3000,15,80,1,0.04666666666666667,1946,23.333333333333332
Ford,Aerostar,152.0,6.0,200,3000,15,80,1,0.050666666666666665,1946,25.333333333333332
Oldsmobile,Alero,170.0,6.0,200,3000,15,80,1,0.056666666666666664,1946,28.333333333333332
Oldsmobile,Alero,140.0,4.0,200,3000,15,80,1,0.04666666666666667,1946,35.0
Cadillac,Allante,200.0,8.0,200,3000,15,80,1,0.06666666666666667,1946,25.0
Cadillac,Allante,295.0,8.0,200,3000,15,80,1,0.09833333333333333,1946,36.875
Audi,allroad quattro,250.0,6.0,200,3000,15,80,1,0.08333333333333333,1946,41.666666666666664
Audi,allroad quattro,300.0,8.0,200,3000,15,80,1,0.1,1946,37.5
Audi,allroad,220.0,4.0,200,3000,15,80,1,0.07333333333333333,1946,55.0
BMW,ALPINA B6 Gran Coupe,540.0,8.0,200,3000,15,80,1,0.18,1946,67.5
BMW,ALPINA B6 Gran Coupe,600.0,8.0,200,3000,15,80,1,0.2,1946,75.0
BMW,ALPINA B7,540.0,8.0,200,3000,15,80,1,0.18,1946,67.5
BMW,ALPINA B7,600.0,8.0,200,3000,15,80,1,0.2,1946,75.0
BMW,Alpina,375.0,8.0,200,3000,15,80,1,0.125,1946,46.875
Nissan,Altima Hybrid,198.0,4.0,200,3000,15,80,1,0.066,1946,49.5
Nissan,Altima Hybrid,158.0,4.0,200,3000,15,80,1,0.05266666666666667,1946,39.5
Nissan,Altima,182.0,4.0,200,3000,15,80,1,0.06066666666666667,1946,45.5
Nissan,Altima,270.0,6.0,200,3000,15,80,1,0.09,1946,45.0
Nissan,Altima,179.0,4.0,200,3000,15,80,1,0.059666666666666666,1946,44.75
Kia,Amanti,264.0,6.0,200,3000,15,80,1,0.088,1946,44.0
Mercedes-Benz,AMG GT,503.0,8.0,200,3000,15,80,1,0.16766666666666666,1946,62.875
Mercedes-Benz,AMG GT,456.0,8.0,200,3000,15,80,1,0.152,1946,57.0
Nissan,Armada,317.0,8.0,200,3000,15,80,1,0.10566666666666667,1946,39.625
Nissan,Armada,390.0,8.0,200,3000,15,80,1,0.13,1946,48.75
Bentley,Arnage,450.0,8.0,200,3000,15,80,1,0.15,1946,56.25
Bentley,Arnage,500.0,8.0,200,3000,15,80,1,0.16666666666666666,1946,62.5
Chrysler,Aspen,235.0,8.0,200,3000,15,80,1,0.07833333333333334,1946,29.375
Chrysler,Aspen,302.0,8.0,200,3000,15,80,1,0.10066666666666667,1946,37.75
Chrysler,Aspen,385.0,8.0,200,3000,15,80,1,0.12833333333333333,1946,48.125
Chrysler,Aspen,303.0,8.0,200,3000,15,80,1,0.101,1946,37.875
Ford,Aspire,63.0,4.0,200,3000,15,80,1,0.021,1946,15.75
Chevrolet,Astro Cargo,190.0,6.0,200,3000,15,80,1,0.06333333333333334,1946,31.666666666666668
Chevrolet,Astro,190.0,6.0,200,3000,15,80,1,0.06333333333333334,1946,31.666666666666668
Cadillac,ATS Coupe,321.0,6.0,200,3000,15,80,1,0.107,1946,53.5
Cadillac,ATS Coupe,272.0,4.0,200,3000,15,80,1,0.09066666666666667,1946,68.0
Cadillac,ATS Coupe,335.0,6.0,200,3000,15,80,1,0.11166666666666666,1946,55.833333333333336
Cadillac,ATS-V,464.0,6.0,200,3000,15,80,1,0.15466666666666667,1946,77.33333333333333
Cadillac,ATS,272.0,4.0,200,3000,15,80,1,0.09066666666666667,1946,68.0
Cadillac,ATS,202.0,4.0,200,3000,15,80,1,0.06733333333333333,1946,50.5
Cadillac,ATS,321.0,6.0,200,3000,15,80,1,0.107,1946,53.5
Cadillac,ATS,335.0,6.0,200,3000,15,80,1,0.11166666666666666,1946,55.833333333333336
Oldsmobile,Aurora,250.0,8.0,200,3000,15,80,1,0.08333333333333333,1946,31.25
Oldsmobile,Aurora,215.0,6.0,200,3000,15,80,1,0.07166666666666667,1946,35.833333333333336
Chevrolet,Avalanche,320.0,8.0,200,3000,15,80,1,0.10666666666666667,1946,40.0
Toyota,Avalon Hybrid,200.0,4.0,200,3000,15,80,1,0.06666666666666667,1946,50.0
Toyota,Avalon,268.0,6.0,200,3000,15,80,1,0.08933333333333333,1946,44.666666666666664
Dodge,Avenger,283.0,6.0,200,3000,15,80,1,0.09433333333333334,1946,47.166666666666664
Dodge,Avenger,173.0,4.0,200,3000,15,80,1,0.057666666666666665,1946,43.25
Lamborghini,Aventador,700.0,12.0,200,3000,15,80,1,0.23333333333333334,1946,58.333333333333336
Lamborghini,Aventador,720.0,12.0,200,3000,15,80,1,0.24,1946,60.0
Lamborghini,Aventador,750.0,12.0,200,3000,15,80,1,0.25,1946,62.5
Chevrolet,Aveo,107.0,4.0,200,3000,15,80,1,0.035666666666666666,1946,26.75
Chevrolet,Aveo,108.0,4.0,200,3000,15,80,1,0.036,1946,27.0
Lincoln,Aviator,302.0,8.0,200,3000,15,80,1,0.10066666666666667,1946,37.75
Nissan,Axxess,138.0,4.0,200,3000,15,80,1,0.046,1946,34.5
Hyundai,Azera,293.0,6.0,200,3000,15,80,1,0.09766666666666667,1946,48.833333333333336
Pontiac,Aztek,185.0,6.0,200,3000,15,80,1,0.06166666666666667,1946,30.833333333333332
Bentley,Azure T,500.0,8.0,200,3000,15,80,1,0.16666666666666666,1946,62.5
Bentley,Azure,450.0,8.0,200,3000,15,80,1,0.15,1946,56.25
Mercedes-Benz,B-Class Electric Drive,177.0,0.0,200,3000,15,80,1,0.059,1946,inf
Mazda,B-Series Pickup,119.0,4.0,200,3000,15,80,1,0.03966666666666667,1946,29.75
Mazda,B-Series Pickup,160.0,6.0,200,3000,15,80,1,0.05333333333333334,1946,26.666666666666668
Mazda,B-Series Pickup,150.0,6.0,200,3000,15,80,1,0.05,1946,25.0
Mazda,B-Series Pickup,143.0,6.0,200,3000,15,80,1,0.04766666666666667,1946,23.833333333333332
Mazda,B-Series Truck,207.0,6.0,200,3000,15,80,1,0.069,1946,34.5
Mazda,B-Series Truck,148.0,6.0,200,3000,15,80,1,0.04933333333333333,1946,24.666666666666668
Mazda,B-Series Truck,143.0,4.0,200,3000,15,80,1,0.04766666666666667,1946,35.75
Mazda,B-Series,150.0,6.0,200,3000,15,80,1,0.05,1946,25.0
Mazda,B-Series,119.0,4.0,200,3000,15,80,1,0.03966666666666667,1946,29.75
Mazda,B-Series,207.0,6.0,200,3000,15,80,1,0.069,1946,34.5
Mazda,B-Series,140.0,4.0,200,3000,15,80,1,0.04666666666666667,1946,35.0
Subaru,B9 Tribeca,250.0,6.0,200,3000,15,80,1,0.08333333333333333,1946,41.666666666666664
Subaru,B9 Tribeca,245.0,6.0,200,3000,15,80,1,0.08166666666666667,1946,40.833333333333336
Subaru,Baja,165.0,4.0,200,3000,15,80,1,0.055,1946,41.25
Subaru,Baja,210.0,4.0,200,3000,15,80,1,0.07,1946,52.5
Volkswagen,Beetle Convertible,170.0,4.0,200,3000,15,80,1,0.056666666666666664,1946,42.5
Volkswagen,Beetle Convertible,210.0,4.0,200,3000,15,80,1,0.07,1946,52.5
Volkswagen,Beetle Convertible,170.0,5.0,200,3000,15,80,1,0.056666666666666664,1946,34.0
Volkswagen,Beetle Convertible,140.0,4.0,200,3000,15,80,1,0.04666666666666667,1946,35.0
Volkswagen,Beetle Convertible,150.0,4.0,200,3000,15,80,1,0.05,1946,37.5
Volkswagen,Beetle,150.0,4.0,200,3000,15,80,1,0.05,1946,37.5
Volkswagen,Beetle,210.0,4.0,200,3000,15,80,1,0.07,1946,52.5
Volkswagen,Beetle,170.0,4.0,200,3000,15,80,1,0.056666666666666664,1946,42.5
Chevrolet,Beretta,170.0,4.0,200,3000,15,80,1,0.056666666666666664,1946,42.5
Chevrolet,Beretta,120.0,4.0,200,3000,15,80,1,0.04,1946,30.0
Chevrolet,Beretta,160.0,6.0,200,3000,15,80,1,0.05333333333333334,1946,26.666666666666668
Chevrolet,Beretta,155.0,6.0,200,3000,15,80,1,0.051666666666666666,1946,25.833333333333332
Chevrolet,Black Diamond Avalanche,320.0,8.0,200,3000,15,80,1,0.10666666666666667,1946,40.0
Lincoln,Blackwood,300.0,8.0,200,3000,15,80,1,0.1,1946,37.5
Chevrolet,Blazer,190.0,6.0,200,3000,15,80,1,0.06333333333333334,1946,31.666666666666668
Pontiac,Bonneville,205.0,6.0,200,3000,15,80,1,0.06833333333333333,1946,34.166666666666664
Pontiac,Bonneville,240.0,6.0,200,3000,15,80,1,0.08,1946,40.0
Pontiac,Bonneville,275.0,8.0,200,3000,15,80,1,0.09166666666666666,1946,34.375
Kia,Borrego,337.0,8.0,200,3000,15,80,1,0.11233333333333333,1946,42.125
Kia,Borrego,276.0,6.0,200,3000,15,80,1,0.092,1946,46.0
Porsche,Boxster,315.0,6.0,200,3000,15,80,1,0.105,1946,52.5
Porsche,Boxster,265.0,6.0,200,3000,15,80,1,0.08833333333333333,1946,44.166666666666664
Porsche,Boxster,330.0,6.0,200,3000,15,80,1,0.11,1946,55.0
Oldsmobile,Bravada,270.0,6.0,200,3000,15,80,1,0.09,1946,45.0
Oldsmobile,Bravada,275.0,6.0,200,3000,15,80,1,0.09166666666666666,1946,45.833333333333336
Plymouth,Breeze,132.0,4.0,200,3000,15,80,1,0.044,1946,33.0
Ford,Bronco II,140.0,6.0,200,3000,15,80,1,0.04666666666666667,1946,23.333333333333332
Ford,Bronco,185.0,8.0,200,3000,15,80,1,0.06166666666666667,1946,23.125
Ford,Bronco,205.0,8.0,200,3000,15,80,1,0.06833333333333333,1946,25.625
Ford,Bronco,199.0,8.0,200,3000,15,80,1,0.06633333333333333,1946,24.875
Bentley,Brooklands,530.0,8.0,200,3000,15,80,1,0.17666666666666667,1946,66.25
Cadillac,Brougham,140.0,8.0,200,3000,15,80,1,0.04666666666666667,1946,17.5
Cadillac,Brougham,170.0,8.0,200,3000,15,80,1,0.056666666666666664,1946,21.25
Subaru,BRZ,200.0,4.0,200,3000,15,80,1,0.06666666666666667,1946,50.0
Subaru,BRZ,205.0,4.0,200,3000,15,80,1,0.06833333333333333,1946,51.25
Mercedes-Benz,C-Class,241.0,4.0,200,3000,15,80,1,0.08033333333333334,1946,60.25
Mercedes-Benz,C-Class,302.0,6.0,200,3000,15,80,1,0.10066666666666667,1946,50.333333333333336
Mercedes-Benz,C-Class,451.0,8.0,200,3000,15,80,1,0.15033333333333335,1946,56.375
Mercedes-Benz,C-Class,329.0,6.0,200,3000,15,80,1,0.10966666666666666,1946,54.833333333333336
Mercedes-Benz,C-Class,503.0,8.0,200,3000,15,80,1,0.16766666666666666,1946,62.875
Mercedes-Benz,C-Class,469.0,8.0,200,3000,15,80,1,0.15633333333333332,1946,58.625
Mercedes-Benz,C-Class,201.0,4.0,200,3000,15,80,1,0.067,1946,50.25
Mercedes-Benz,C-Class,362.0,6.0,200,3000,15,80,1,0.12066666666666667,1946,60.333333333333336
Ford,C-Max Hybrid,188.0,4.0,200,3000,15,80,1,0.06266666666666666,1946,47.0
Volvo,C30,227.0,5.0,200,3000,15,80,1,0.07566666666666666,1946,45.4
Mercedes-Benz,C36 AMG,268.0,6.0,200,3000,15,80,1,0.08933333333333333,1946,44.666666666666664
Mercedes-Benz,C36 AMG,276.0,6.0,200,3000,15,80,1,0.092,1946,46.0
Mercedes-Benz,C43 AMG,302.0,8.0,200,3000,15,80,1,0.10066666666666667,1946,37.75
Volvo,C70,227.0,5.0,200,3000,15,80,1,0.07566666666666666,1946,45.4
Spyker,C8,400.0,8.0,200,3000,15,80,1,0.13333333333333333,1946,50.0
Audi,Cabriolet,172.0,6.0,200,3000,15,80,1,0.05733333333333333,1946,28.666666666666668
Volkswagen,Cabriolet,94.0,4.0,200,3000,15,80,1,0.03133333333333333,1946,23.5
Volkswagen,Cabrio,115.0,4.0,200,3000,15,80,1,0.03833333333333333,1946,28.75
Kia,Cadenza,293.0,6.0,200,3000,15,80,1,0.09766666666666667,1946,48.833333333333336
Kia,Cadenza,290.0,6.0,200,3000,15,80,1,0.09666666666666666,1946,48.333333333333336
Dodge,Caliber,158.0,4.0,200,3000,15,80,1,0.05266666666666667,1946,39.5
Dodge,Caliber,172.0,4.0,200,3000,15,80,1,0.05733333333333333,1946,43.0
Ferrari,California T,553.0,8.0,200,3000,15,80,1,0.18433333333333332,1946,69.125
Ferrari,California,453.0,8.0,200,3000,15,80,1,0.151,1946,56.625
Ferrari,California,483.0,8.0,200,3000,15,80,1,0.161,1946,60.375
Chevrolet,Camaro,323.0,6.0,200,3000,15,80,1,0.10766666666666666,1946,53.833333333333336
Chevrolet,Camaro,580.0,8.0,200,3000,15,80,1,0.19333333333333333,1946,72.5
Chevrolet,Camaro,426.0,8.0,200,3000,15,80,1,0.142,1946,53.25
Chevrolet,Camaro,505.0,8.0,200,3000,15,80,1,0.16833333333333333,1946,63.125
Chevrolet,Camaro,455.0,8.0,200,3000,15,80,1,0.15166666666666667,1946,56.875
Chevrolet,Camaro,275.0,4.0,200,3000,15,80,1,0.09166666666666666,1946,68.75
Chevrolet,Camaro,650.0,8.0,200,3000,15,80,1,0.21666666666666667,1946,81.25
Toyota,Camry Hybrid,200.0,4.0,200,3000,15,80,1,0.06666666666666667,1946,50.0
Toyota,Camry Solara,157.0,4.0,200,3000,15,80,1,0.052333333333333336,1946,39.25
Toyota,Camry Solara,225.0,6.0,200,3000,15,80,1,0.075,1946,37.5
Toyota,Camry Solara,155.0,4.0,200,3000,15,80,1,0.051666666666666666,1946,38.75
Toyota,Camry Solara,210.0,6.0,200,3000,15,80,1,0.07,1946,35.0
Toyota,Camry,178.0,4.0,200,3000,15,80,1,0.059333333333333335,1946,44.5
Toyota,Camry,268.0,6.0,200,3000,15,80,1,0.08933333333333333,1946,44.666666666666664
GMC,Canyon,185.0,4.0,200,3000,15,80,1,0.06166666666666667,1946,46.25
GMC,Canyon,242.0,5.0,200,3000,15,80,1,0.08066666666666666,1946,48.4
GMC,Canyon,200.0,4.0,200,3000,15,80,1,0.06666666666666667,1946,50.0
GMC,Canyon,305.0,6.0,200,3000,15,80,1,0.10166666666666667,1946,50.833333333333336
Chevrolet,Caprice,260.0,8.0,200,3000,15,80,1,0.08666666666666667,1946,32.5
Chevrolet,Caprice,200.0,8.0,200,3000,15,80,1,0.06666666666666667,1946,25.0
Chevrolet,Captiva Sport,180.0,4.0,200,3000,15,80,1,0.06,1946,45.0
Dodge,Caravan,150.0,4.0,200,3000,15,80,1,0.05,1946,37.5
Dodge,Caravan,180.0,6.0,200,3000,15,80,1,0.06,1946,30.0
Dodge,Caravan,170.0,6.0,200,3000,15,80,1,0.056666666666666664,1946,28.333333333333332
Porsche,Carrera GT,605.0,10.0,200,3000,15,80,1,0.20166666666666666,1946,60.5
Buick,Cascada,200.0,4.0,200,3000,15,80,1,0.06666666666666667,1946,50.0
Cadillac,Catera,200.0,6.0,200,3000,15,80,1,0.06666666666666667,1946,33.333333333333336
Chevrolet,Cavalier,140.0,4.0,200,3000,15,80,1,0.04666666666666667,1946,35.0
Porsche,Cayenne,420.0,6.0,200,3000,15,80,1,0.14,1946,70.0
Porsche,Cayenne,520.0,8.0,200,3000,15,80,1,0.17333333333333334,1946,65.0
Porsche,Cayenne,240.0,6.0,200,3000,15,80,1,0.08,1946,40.0
Porsche,Cayenne,440.0,6.0,200,3000,15,80,1,0.14666666666666667,1946,73.33333333333333
Porsche,Cayenne,300.0,6.0,200,3000,15,80,1,0.1,1946,50.0
Porsche,Cayenne,570.0,8.0,200,3000,15,80,1,0.19,1946,71.25
Porsche,Cayman S,295.0,6.0,200,3000,15,80,1,0.09833333333333333,1946,49.166666666666664
Porsche,Cayman,275.0,6.0,200,3000,15,80,1,0.09166666666666666,1946,45.833333333333336
Porsche,Cayman,325.0,6.0,200,3000,15,80,1,0.10833333333333334,1946,54.166666666666664
Porsche,Cayman,340.0,6.0,200,3000,15,80,1,0.11333333333333333,1946,56.666666666666664
Volkswagen,CC,200.0,4.0,200,3000,15,80,1,0.06666666666666667,1946,50.0
Volkswagen,CC,280.0,6.0,200,3000,15,80,1,0.09333333333333334,1946,46.666666666666664
Chevrolet,Celebrity,135.0,6.0,200,3000,15,80,1,0.045,1946,22.5
Chevrolet,Celebrity,110.0,4.0,200,3000,15,80,1,0.03666666666666667,1946,27.5
Toyota,Celica,140.0,4.0,200,3000,15,80,1,0.04666666666666667,1946,35.0
Toyota,Celica,180.0,4.0,200,3000,15,80,1,0.06,1946,45.0
Buick,Century,175.0,6.0,200,3000,15,80,1,0.058333333333333334,1946,29.166666666666668
Dodge,Challenger,375.0,8.0,200,3000,15,80,1,0.125,1946,46.875
Dodge,Challenger,485.0,8.0,200,3000,15,80,1,0.16166666666666665,1946,60.625
Dodge,Challenger,305.0,6.0,200,3000,15,80,1,0.10166666666666667,1946,50.833333333333336
Dodge,Challenger,707.0,8.0,200,3000,15,80,1,0.23566666666666666,1946,88.375
Dodge,Charger,485.0,8.0,200,3000,15,80,1,0.16166666666666665,1946,60.625
Dodge,Charger,707.0,8.0,200,3000,15,80,1,0.23566666666666666,1946,88.375
Dodge,Charger,370.0,8.0,200,3000,15,80,1,0.12333333333333334,1946,46.25
Dodge,Charger,292.0,6.0,200,3000,15,80,1,0.09733333333333333,1946,48.666666666666664
Chevrolet,Chevy Van,195.0,6.0,200,3000,15,80,1,0.065,1946,32.5
Chevrolet,Chevy Van,200.0,6.0,200,3000,15,80,1,0.06666666666666667,1946,33.333333333333336
Oldsmobile,Ciera,160.0,6.0,200,3000,15,80,1,0.05333333333333334,1946,26.666666666666668
Oldsmobile,Ciera,120.0,4.0,200,3000,15,80,1,0.04,1946,30.0
Chrysler,Cirrus,168.0,6.0,200,3000,15,80,1,0.056,1946,28.0
Chevrolet,City Express,131.0,4.0,200,3000,15,80,1,0.043666666666666666,1946,32.75
Honda,Civic CRX,62.0,4.0,200,3000,15,80,1,0.020666666666666667,1946,15.5
Honda,Civic CRX,108.0,4.0,200,3000,15,80,1,0.036,1946,27.0
Honda,Civic CRX,92.0,4.0,200,3000,15,80,1,0.030666666666666665,1946,23.0
Honda,Civic del Sol,102.0,4.0,200,3000,15,80,1,0.034,1946,25.5
Honda,Civic del Sol,125.0,4.0,200,3000,15,80,1,0.041666666666666664,1946,31.25
Honda,Civic del Sol,160.0,4.0,200,3000,15,80,1,0.05333333333333334,1946,40.0
Honda,Civic del Sol,106.0,4.0,200,3000,15,80,1,0.035333333333333335,1946,26.5
Honda,Civic del Sol,127.0,4.0,200,3000,15,80,1,0.042333333333333334,1946,31.75
Honda,Civic,143.0,4.0,200,3000,15,80,1,0.04766666666666667,1946,35.75
Honda,Civic,205.0,4.0,200,3000,15,80,1,0.06833333333333333,1946,51.25
Honda,Civic,110.0,4.0,200,3000,15,80,1,0.03666666666666667,1946,27.5
Honda,Civic,174.0,4.0,200,3000,15,80,1,0.058,1946,43.5
Honda,Civic,158.0,4.0,200,3000,15,80,1,0.05266666666666667,1946,39.5
Honda,Civic,180.0,4.0,200,3000,15,80,1,0.06,1946,45.0
Chevrolet,C/K 1500 Series,200.0,6.0,200,3000,15,80,1,0.06666666666666667,1946,33.333333333333336
Chevrolet,C/K 1500 Series,230.0,8.0,200,3000,15,80,1,0.07666666666666666,1946,28.75
Chevrolet,C/K 2500 Series,230.0,8.0,200,3000,15,80,1,0.07666666666666666,1946,28.75
Chevrolet,C/K 2500 Series,255.0,8.0,200,3000,15,80,1,0.085,1946,31.875
Mercedes-Benz,CL-Class,621.0,12.0,200,3000,15,80,1,0.207,1946,51.75
Mercedes-Benz,CL-Class,510.0,12.0,200,3000,15,80,1,0.17,1946,42.5
Mercedes-Benz,CL-Class,429.0,8.0,200,3000,15,80,1,0.143,1946,53.625
Mercedes-Benz,CL-Class,536.0,8.0,200,3000,15,80,1,0.17866666666666667,1946,67.0
Mercedes-Benz,CLA-Class,208.0,4.0,200,3000,15,80,1,0.06933333333333333,1946,52.0
Mercedes-Benz,CLA-Class,355.0,4.0,200,3000,15,80,1,0.11833333333333333,1946,88.75
Mercedes-Benz,CLA-Class,375.0,4.0,200,3000,15,80,1,0.125,1946,93.75
Acura,CL,225.0,6.0,200,3000,15,80,1,0.075,1946,37.5
Acura,CL,260.0,6.0,200,3000,15,80,1,0.08666666666666667,1946,43.333333333333336
Chevrolet,Classic,140.0,4.0,200,3000,15,80,1,0.04666666666666667,1946,35.0
Mercedes-Benz,CLK-Class,268.0,6.0,200,3000,15,80,1,0.08933333333333333,1946,44.666666666666664
Mercedes-Benz,CLK-Class,475.0,8.0,200,3000,15,80,1,0.15833333333333333,1946,59.375
Mercedes-Benz,CLK-Class,382.0,8.0,200,3000,15,80,1,0.12733333333333333,1946,47.75
Mercedes-Benz,CLK-Class,500.0,8.0,200,3000,15,80,1,0.16666666666666666,1946,62.5
Mercedes-Benz,CLS-Class,402.0,8.0,200,3000,15,80,1,0.134,1946,50.25
Mercedes-Benz,CLS-Class,577.0,8.0,200,3000,15,80,1,0.19233333333333333,1946,72.125
Mercedes-Benz,CLS-Class,329.0,6.0,200,3000,15,80,1,0.10966666666666666,1946,54.833333333333336
Chevrolet,Cobalt,148.0,4.0,200,3000,15,80,1,0.04933333333333333,1946,37.0
Chevrolet,Cobalt,260.0,4.0,200,3000,15,80,1,0.08666666666666667,1946,65.0
Chevrolet,Cobalt,173.0,4.0,200,3000,15,80,1,0.057666666666666665,1946,43.25
Chevrolet,Cobalt,155.0,4.0,200,3000,15,80,1,0.051666666666666666,1946,38.75
Chevrolet,Colorado,300.0,8.0,200,3000,15,80,1,0.1,1946,37.5
Chevrolet,Colorado,242.0,5.0,200,3000,15,80,1,0.08066666666666666,1946,48.4
Chevrolet,Colorado,185.0,4.0,200,3000,15,80,1,0.06166666666666667,1946,46.25
Chevrolet,Colorado,200.0,4.0,200,3000,15,80,1,0.06666666666666667,1946,50.0
Chevrolet,Colorado,305.0,6.0,200,3000,15,80,1,0.10166666666666667,1946,50.833333333333336
Dodge,Colt,92.0,4.0,200,3000,15,80,1,0.030666666666666665,1946,23.0
Dodge,Colt,113.0,4.0,200,3000,15,80,1,0.03766666666666667,1946,28.25
Plymouth,Colt,113.0,4.0,200,3000,15,80,1,0.03766666666666667,1946,28.25
Plymouth,Colt,92.0,4.0,200,3000,15,80,1,0.030666666666666665,1946,23.0
Plymouth,Colt,136.0,4.0,200,3000,15,80,1,0.04533333333333334,1946,34.0
Chrysler,Concorde,234.0,6.0,200,3000,15,80,1,0.078,1946,39.0
Chrysler,Concorde,200.0,6.0,200,3000,15,80,1,0.06666666666666667,1946,33.333333333333336
Chrysler,Concorde,250.0,6.0,200,3000,15,80,1,0.08333333333333333,1946,41.666666666666664
Bentley,Continental Flying Spur Speed,600.0,12.0,200,3000,15,80,1,0.2,1946,50.0
Bentley,Continental Flying Spur,552.0,12.0,200,3000,15,80,1,0.184,1946,46.0
Bentley,Continental GT Speed Convertible,626.0,12.0,200,3000,15,80,1,0.20866666666666667,1946,52.166666666666664
Bentley,Continental GT Speed,600.0,12.0,200,3000,15,80,1,0.2,1946,50.0
Bentley,Continental GT Speed,616.0,12.0,200,3000,15,80,1,0.20533333333333334,1946,51.333333333333336
Bentley,Continental GT3-R,572.0,8.0,200,3000,15,80,1,0.19066666666666668,1946,71.5
Bentley,Continental GT,500.0,8.0,200,3000,15,80,1,0.16666666666666666,1946,62.5
Bentley,Continental GT,521.0,8.0,200,3000,15,80,1,0.17366666666666666,1946,65.125
Bentley,Continental GT,567.0,12.0,200,3000,15,80,1,0.189,1946,47.25
Bentley,Continental GT,626.0,12.0,200,3000,15,80,1,0.20866666666666667,1946,52.166666666666664
Bentley,Continental GT,582.0,12.0,200,3000,15,80,1,0.194,1946,48.5
Bentley,Continental GTC Speed,600.0,12.0,200,3000,15,80,1,0.2,1946,50.0
Bentley,Continental GTC,567.0,12.0,200,3000,15,80,1,0.189,1946,47.25
Bentley,Continental GTC,500.0,8.0,200,3000,15,80,1,0.16666666666666666,1946,62.5
Bentley,Continental GTC,521.0,8.0,200,3000,15,80,1,0.17366666666666666,1946,65.125
Bentley,Continental Supersports Convertible,621.0,12.0,200,3000,15,80,1,0.207,1946,51.75
Bentley,Continental Supersports,621.0,12.0,200,3000,15,80,1,0.207,1946,51.75
Bentley,Continental,420.0,8.0,200,3000,15,80,1,0.14,1946,52.5
Bentley,Continental,400.0,8.0,200,3000,15,80,1,0.13333333333333333,1946,50.0
Lincoln,Continental,275.0,8.0,200,3000,15,80,1,0.09166666666666666,1946,34.375
Lincoln,Continental,305.0,6.0,200,3000,15,80,1,0.10166666666666667,1946,50.833333333333336
Ford,Contour SVT,195.0,6.0,200,3000,15,80,1,0.065,1946,32.5
Ford,Contour SVT,200.0,6.0,200,3000,15,80,1,0.06666666666666667,1946,33.333333333333336
Ford,Contour,125.0,4.0,200,3000,15,80,1,0.041666666666666664,1946,31.25
Ford,Contour,170.0,6.0,200,3000,15,80,1,0.056666666666666664,1946,28.333333333333332
Rolls-Royce,Corniche,325.0,8.0,200,3000,15,80,1,0.10833333333333334,1946,40.625
Toyota,Corolla iM,137.0,4.0,200,3000,15,80,1,0.04566666666666667,1946,34.25
Toyota,Corolla,140.0,4.0,200,3000,15,80,1,0.04666666666666667,1946,35.0
Toyota,Corolla,132.0,4.0,200,3000,15,80,1,0.044,1946,33.0
Volkswagen,Corrado,158.0,4.0,200,3000,15,80,1,0.05266666666666667,1946,39.5
Volkswagen,Corrado,178.0,6.0,200,3000,15,80,1,0.059333333333333335,1946,29.666666666666668
Chevrolet,Corsica,120.0,4.0,200,3000,15,80,1,0.04,1946,30.0
Chevrolet,Corvette Stingray,455.0,8.0,200,3000,15,80,1,0.15166666666666667,1946,56.875
Chevrolet,Corvette,460.0,8.0,200,3000,15,80,1,0.15333333333333332,1946,57.5
Chevrolet,Corvette,650.0,8.0,200,3000,15,80,1,0.21666666666666667,1946,81.25
Chevrolet,Corvette,455.0,8.0,200,3000,15,80,1,0.15166666666666667,1946,56.875
Audi,Coupe,164.0,5.0,200,3000,15,80,1,0.05466666666666667,1946,32.8
Maserati,Coupe,390.0,8.0,200,3000,15,80,1,0.13,1946,48.75
Maserati,Coupe,385.0,8.0,200,3000,15,80,1,0.12833333333333333,1946,48.125
Volvo,Coupe,188.0,4.0,200,3000,15,80,1,0.06266666666666666,1946,47.0
Honda,CR-V,185.0,4.0,200,3000,15,80,1,0.06166666666666667,1946,46.25
Honda,CR-Z,130.0,4.0,200,3000,15,80,1,0.043333333333333335,1946,32.5
Toyota,Cressida,190.0,6.0,200,3000,15,80,1,0.06333333333333334,1946,31.666666666666668
Chrysler,Crossfire,215.0,6.0,200,3000,15,80,1,0.07166666666666667,1946,35.833333333333336
Chrysler,Crossfire,330.0,6.0,200,3000,15,80,1,0.11,1946,55.0
Honda,Crosstour,278.0,6.0,200,3000,15,80,1,0.09266666666666666,1946,46.333333333333336
Honda,Crosstour,192.0,4.0,200,3000,15,80,1,0.064,1946,48.0
Subaru,Crosstrek,160.0,4.0,200,3000,15,80,1,0.05333333333333334,1946,40.0
Subaru,Crosstrek,148.0,4.0,200,3000,15,80,1,0.04933333333333333,1946,37.0
Ford,Crown Victoria,224.0,8.0,200,3000,15,80,1,0.07466666666666667,1946,28.0
Ford,Crown Victoria,239.0,8.0,200,3000,15,80,1,0.07966666666666666,1946,29.875
Chevrolet,Cruze Limited,138.0,4.0,200,3000,15,80,1,0.046,1946,34.5
Chevrolet,Cruze,138.0,4.0,200,3000,15,80,1,0.046,1946,34.5
Chevrolet,Cruze,148.0,4.0,200,3000,15,80,1,0.04933333333333333,1946,37.0
Chevrolet,Cruze,153.0,4.0,200,3000,15,80,1,0.051,1946,38.25
Lexus,CT 200h,134.0,4.0,200,3000,15,80,1,0.04466666666666667,1946,33.5
Cadillac,CT6,265.0,4.0,200,3000,15,80,1,0.08833333333333333,1946,66.25
Cadillac,CT6,404.0,6.0,200,3000,15,80,1,0.13466666666666666,1946,67.33333333333333
Cadillac,CT6,335.0,6.0,200,3000,15,80,1,0.11166666666666666,1946,55.833333333333336
Cadillac,CTS Coupe,318.0,6.0,200,3000,15,80,1,0.106,1946,53.0
Cadillac,CTS-V Coupe,556.0,8.0,200,3000,15,80,1,0.18533333333333332,1946,69.5
Cadillac,CTS-V Wagon,556.0,8.0,200,3000,15,80,1,0.18533333333333332,1946,69.5
Cadillac,CTS-V,556.0,8.0,200,3000,15,80,1,0.18533333333333332,1946,69.5
Cadillac,CTS-V,640.0,8.0,200,3000,15,80,1,0.21333333333333335,1946,80.0
Cadillac,CTS Wagon,270.0,6.0,200,3000,15,80,1,0.09,1946,45.0
Cadillac,CTS Wagon,318.0,6.0,200,3000,15,80,1,0.106,1946,53.0
Cadillac,CTS,321.0,6.0,200,3000,15,80,1,0.107,1946,53.5
Cadillac,CTS,272.0,4.0,200,3000,15,80,1,0.09066666666666667,1946,68.0
Cadillac,CTS,420.0,6.0,200,3000,15,80,1,0.14,1946,70.0
Cadillac,CTS,335.0,6.0,200,3000,15,80,1,0.11166666666666666,1946,55.833333333333336
Cadillac,CTS,268.0,4.0,200,3000,15,80,1,0.08933333333333333,1946,67.0
Nissan,Cube,122.0,4.0,200,3000,15,80,1,0.04066666666666666,1946,30.5
Oldsmobile,Custom Cruiser,140.0,8.0,200,3000,15,80,1,0.04666666666666667,1946,17.5
Oldsmobile,Custom Cruiser,170.0,8.0,200,3000,15,80,1,0.056666666666666664,1946,21.25
Oldsmobile,Cutlass Calais,110.0,4.0,200,3000,15,80,1,0.03666666666666667,1946,27.5
Oldsmobile,Cutlass Calais,160.0,4.0,200,3000,15,80,1,0.05333333333333334,1946,40.0
Oldsmobile,Cutlass Calais,180.0,4.0,200,3000,15,80,1,0.06,1946,45.0
Oldsmobile,Cutlass Ciera,160.0,6.0,200,3000,15,80,1,0.05333333333333334,1946,26.666666666666668
Oldsmobile,Cutlass Ciera,110.0,4.0,200,3000,15,80,1,0.03666666666666667,1946,27.5
Oldsmobile,Cutlass Ciera,160.0,4.0,200,3000,15,80,1,0.05333333333333334,1946,40.0
Oldsmobile,Cutlass Ciera,120.0,4.0,200,3000,15,80,1,0.04,1946,30.0
Oldsmobile,Cutlass Ciera,120.0,6.0,200,3000,15,80,1,0.04,1946,20.0
Oldsmobile,Cutlass Supreme,160.0,6.0,200,3000,15,80,1,0.05333333333333334,1946,26.666666666666668
Oldsmobile,Cutlass,155.0,6.0,200,3000,15,80,1,0.051666666666666666,1946,25.833333333333332
Oldsmobile,Cutlass,150.0,6.0,200,3000,15,80,1,0.05,1946,25.0
Mazda,CX-3,146.0,4.0,200,3000,15,80,1,0.048666666666666664,1946,36.5
Mazda,CX-5,155.0,4.0,200,3000,15,80,1,0.051666666666666666,1946,38.75
Mazda,CX-5,184.0,4.0,200,3000,15,80,1,0.06133333333333333,1946,46.0
Mazda,CX-7,244.0,4.0,200,3000,15,80,1,0.08133333333333333,1946,61.0
Mazda,CX-7,161.0,4.0,200,3000,15,80,1,0.05366666666666667,1946,40.25
Mazda,CX-9,273.0,6.0,200,3000,15,80,1,0.091,1946,45.5
Mazda,CX-9,227.0,4.0,200,3000,15,80,1,0.07566666666666666,1946,56.75
Dodge,Dakota,210.0,6.0,200,3000,15,80,1,0.07,1946,35.0
Dodge,Dakota,302.0,8.0,200,3000,15,80,1,0.10066666666666667,1946,37.75
Dodge,Dart,160.0,4.0,200,3000,15,80,1,0.05333333333333334,1946,40.0
Dodge,Dart,184.0,4.0,200,3000,15,80,1,0.06133333333333333,1946,46.0
Rolls-Royce,Dawn,563.0,12.0,200,3000,15,80,1,0.18766666666666668,1946,46.916666666666664
Dodge,Daytona,152.0,4.0,200,3000,15,80,1,0.050666666666666665,1946,38.0
Dodge,Daytona,100.0,4.0,200,3000,15,80,1,0.03333333333333333,1946,25.0
Dodge,Daytona,141.0,6.0,200,3000,15,80,1,0.047,1946,23.5
Dodge,Daytona,224.0,4.0,200,3000,15,80,1,0.07466666666666667,1946,56.0
Aston Martin,DB7,420.0,12.0,200,3000,15,80,1,0.14,1946,35.0
Aston Martin,DB7,435.0,12.0,200,3000,15,80,1,0.145,1946,36.25
Aston Martin,DB9 GT,540.0,12.0,200,3000,15,80,1,0.18,1946,45.0
Aston Martin,DB9,510.0,12.0,200,3000,15,80,1,0.17,1946,42.5
Aston Martin,DBS,510.0,12.0,200,3000,15,80,1,0.17,1946,42.5
Land Rover,Defender,182.0,8.0,200,3000,15,80,1,0.06066666666666667,1946,22.75
Cadillac,DeVille,275.0,8.0,200,3000,15,80,1,0.09166666666666666,1946,34.375
Cadillac,DeVille,300.0,8.0,200,3000,15,80,1,0.1,1946,37.5
Cadillac,DeVille,290.0,8.0,200,3000,15,80,1,0.09666666666666666,1946,36.25
Lamborghini,Diablo,550.0,12.0,200,3000,15,80,1,0.18333333333333332,1946,45.833333333333336
Mitsubishi,Diamante,205.0,6.0,200,3000,15,80,1,0.06833333333333333,1946,34.166666666666664
Mitsubishi,Diamante,210.0,6.0,200,3000,15,80,1,0.07,1946,35.0
Land Rover,Discovery Series II,188.0,8.0,200,3000,15,80,1,0.06266666666666666,1946,23.5
Land Rover,Discovery Sport,240.0,4.0,200,3000,15,80,1,0.08,1946,60.0
Land Rover,Discovery,217.0,8.0,200,3000,15,80,1,0.07233333333333333,1946,27.125
Cadillac,DTS,275.0,8.0,200,3000,15,80,1,0.09166666666666666,1946,34.375
Cadillac,DTS,292.0,8.0,200,3000,15,80,1,0.09733333333333333,1946,36.5
Dodge,Durango,290.0,6.0,200,3000,15,80,1,0.09666666666666666,1946,48.333333333333336
Dodge,Durango,360.0,8.0,200,3000,15,80,1,0.12,1946,45.0
Dodge,Durango,293.0,6.0,200,3000,15,80,1,0.09766666666666667,1946,48.833333333333336
Dodge,Durango,295.0,6.0,200,3000,15,80,1,0.09833333333333333,1946,49.166666666666664
Dodge,Dynasty,100.0,4.0,200,3000,15,80,1,0.03333333333333333,1946,25.0
Dodge,Dynasty,141.0,6.0,200,3000,15,80,1,0.047,1946,23.5
Ford,E-150,199.0,6.0,200,3000,15,80,1,0.06633333333333333,1946,33.166666666666664
Ford,E-150,145.0,6.0,200,3000,15,80,1,0.04833333333333333,1946,24.166666666666668
Ford,E-150,200.0,6.0,200,3000,15,80,1,0.06666666666666667,1946,33.333333333333336
Ford,E-250,199.0,6.0,200,3000,15,80,1,0.06633333333333333,1946,33.166666666666664
Ford,E-250,145.0,6.0,200,3000,15,80,1,0.04833333333333333,1946,24.166666666666668
Ford,E-250,200.0,6.0,200,3000,15,80,1,0.06666666666666667,1946,33.333333333333336
Ford,E-250,235.0,6.0,200,3000,15,80,1,0.07833333333333334,1946,39.166666666666664
Mercedes-Benz,E-Class,329.0,6.0,200,3000,15,80,1,0.10966666666666666,1946,54.833333333333336
Mercedes-Benz,E-Class,550.0,8.0,200,3000,15,80,1,0.18333333333333332,1946,68.75
Mercedes-Benz,E-Class,302.0,6.0,200,3000,15,80,1,0.10066666666666667,1946,50.333333333333336
Mercedes-Benz,E-Class,195.0,4.0,200,3000,15,80,1,0.065,1946,48.75
Mercedes-Benz,E-Class,402.0,8.0,200,3000,15,80,1,0.134,1946,50.25
Mercedes-Benz,E-Class,577.0,8.0,200,3000,15,80,1,0.19233333333333333,1946,72.125
Mercedes-Benz,E-Class,241.0,4.0,200,3000,15,80,1,0.08033333333333334,1946,60.25
Ford,E-Series Van,255.0,8.0,200,3000,15,80,1,0.085,1946,31.875
Ford,E-Series Van,225.0,8.0,200,3000,15,80,1,0.075,1946,28.125
Ford,E-Series Wagon,225.0,8.0,200,3000,15,80,1,0.075,1946,28.125
Ford,E-Series Wagon,255.0,8.0,200,3000,15,80,1,0.085,1946,31.875
Mercedes-Benz,E55 AMG,349.0,8.0,200,3000,15,80,1,0.11633333333333333,1946,43.625
Toyota,ECHO,108.0,4.0,200,3000,15,80,1,0.036,1946,27.0
Mitsubishi,Eclipse Spyder,162.0,4.0,200,3000,15,80,1,0.054,1946,40.5
Mitsubishi,Eclipse Spyder,265.0,6.0,200,3000,15,80,1,0.08833333333333333,1946,44.166666666666664
Mitsubishi,Eclipse,162.0,4.0,200,3000,15,80,1,0.054,1946,40.5
Mitsubishi,Eclipse,265.0,6.0,200,3000,15,80,1,0.08833333333333333,1946,44.166666666666664
Ford,Edge,245.0,4.0,200,3000,15,80,1,0.08166666666666667,1946,61.25
Ford,Edge,315.0,6.0,200,3000,15,80,1,0.105,1946,52.5
Oldsmobile,Eighty-Eight Royale,170.0,6.0,200,3000,15,80,1,0.056666666666666664,1946,28.333333333333332
Oldsmobile,Eighty-Eight Royale,205.0,6.0,200,3000,15,80,1,0.06833333333333333,1946,34.166666666666664
Oldsmobile,Eighty-Eight Royale,225.0,6.0,200,3000,15,80,1,0.075,1946,37.5
Oldsmobile,Eighty-Eight,205.0,6.0,200,3000,15,80,1,0.06833333333333333,1946,34.166666666666664
Hyundai,Elantra Coupe,145.0,4.0,200,3000,15,80,1,0.04833333333333333,1946,36.25
Hyundai,Elantra Coupe,148.0,4.0,200,3000,15,80,1,0.04933333333333333,1946,37.0
Hyundai,Elantra Coupe,166.0,4.0,200,3000,15,80,1,0.05533333333333333,1946,41.5
Hyundai,Elantra Coupe,173.0,4.0,200,3000,15,80,1,0.057666666666666665,1946,43.25
Hyundai,Elantra GT,173.0,4.0,200,3000,15,80,1,0.057666666666666665,1946,43.25
Hyundai,Elantra Touring,138.0,4.0,200,3000,15,80,1,0.046,1946,34.5
Hyundai,Elantra,173.0,4.0,200,3000,15,80,1,0.057666666666666665,1946,43.25
Hyundai,Elantra,145.0,4.0,200,3000,15,80,1,0.04833333333333333,1946,36.25
Hyundai,Elantra,166.0,4.0,200,3000,15,80,1,0.05533333333333333,1946,41.5
Hyundai,Elantra,147.0,4.0,200,3000,15,80,1,0.049,1946,36.75
Hyundai,Elantra,128.0,4.0,200,3000,15,80,1,0.042666666666666665,1946,32.0
Hyundai,Elantra,201.0,4.0,200,3000,15,80,1,0.067,1946,50.25
Cadillac,Eldorado,275.0,8.0,200,3000,15,80,1,0.09166666666666666,1946,34.375
Cadillac,Eldorado,300.0,8.0,200,3000,15,80,1,0.1,1946,37.5
Buick,Electra,165.0,6.0,200,3000,15,80,1,0.055,1946,27.5
Honda,Element,166.0,4.0,200,3000,15,80,1,0.05533333333333333,1946,41.5
Lotus,Elise,189.0,4.0,200,3000,15,80,1,0.063,1946,47.25
Lotus,Elise,218.0,4.0,200,3000,15,80,1,0.07266666666666667,1946,54.5
Lotus,Elise,217.0,4.0,200,3000,15,80,1,0.07233333333333333,1946,54.25
Buick,Enclave,288.0,6.0,200,3000,15,80,1,0.096,1946,48.0
Buick,Encore,138.0,4.0,200,3000,15,80,1,0.046,1946,34.5
Buick,Encore,153.0,4.0,200,3000,15,80,1,0.051,1946,38.25
Mitsubishi,Endeavor,225.0,6.0,200,3000,15,80,1,0.075,1946,37.5
Hyundai,Entourage,242.0,6.0,200,3000,15,80,1,0.08066666666666666,1946,40.333333333333336
Hyundai,Entourage,250.0,6.0,200,3000,15,80,1,0.08333333333333333,1946,41.666666666666664
Buick,Envision,252.0,4.0,200,3000,15,80,1,0.084,1946,63.0
Buick,Envision,197.0,4.0,200,3000,15,80,1,0.06566666666666666,1946,49.25
GMC,Envoy XL,275.0,6.0,200,3000,15,80,1,0.09166666666666666,1946,45.833333333333336
GMC,Envoy XL,300.0,8.0,200,3000,15,80,1,0.1,1946,37.5
GMC,Envoy XL,291.0,6.0,200,3000,15,80,1,0.097,1946,48.5
GMC,Envoy XUV,275.0,6.0,200,3000,15,80,1,0.09166666666666666,1946,45.833333333333336
GMC,Envoy,291.0,6.0,200,3000,15,80,1,0.097,1946,48.5
GMC,Envoy,302.0,8.0,200,3000,15,80,1,0.10066666666666667,1946,37.75
GMC,Envoy,285.0,6.0,200,3000,15,80,1,0.095,1946,47.5
GMC,Envoy,300.0,8.0,200,3000,15,80,1,0.1,1946,37.5
Ferrari,Enzo,660.0,12.0,200,3000,15,80,1,0.22,1946,55.0
Volkswagen,Eos,200.0,4.0,200,3000,15,80,1,0.06666666666666667,1946,50.0
Suzuki,Equator,152.0,4.0,200,3000,15,80,1,0.050666666666666665,1946,38.0
Suzuki,Equator,261.0,6.0,200,3000,15,80,1,0.087,1946,43.5
Chevrolet,Equinox,182.0,4.0,200,3000,15,80,1,0.06066666666666667,1946,45.5
Hyundai,Equus,429.0,8.0,200,3000,15,80,1,0.143,1946,53.625
Lexus,ES 250,156.0,6.0,200,3000,15,80,1,0.052,1946,26.0
Lexus,ES 300h,200.0,4.0,200,3000,15,80,1,0.06666666666666667,1946,50.0
Lexus,ES 300,210.0,6.0,200,3000,15,80,1,0.07,1946,35.0
Lexus,ES 330,225.0,6.0,200,3000,15,80,1,0.075,1946,37.5
Lexus,ES 330,218.0,6.0,200,3000,15,80,1,0.07266666666666667,1946,36.333333333333336
Lexus,ES 350,268.0,6.0,200,3000,15,80,1,0.08933333333333333,1946,44.666666666666664
Cadillac,Escalade ESV,420.0,8.0,200,3000,15,80,1,0.14,1946,52.5
Cadillac,Escalade EXT,403.0,8.0,200,3000,15,80,1,0.13433333333333333,1946,50.375
Cadillac,Escalade Hybrid,332.0,8.0,200,3000,15,80,1,0.11066666666666666,1946,41.5
Cadillac,Escalade,420.0,8.0,200,3000,15,80,1,0.14,1946,52.5
Ford,Escape Hybrid,177.0,4.0,200,3000,15,80,1,0.059,1946,44.25
Ford,Escape,178.0,4.0,200,3000,15,80,1,0.059333333333333335,1946,44.5
Ford,Escape,168.0,4.0,200,3000,15,80,1,0.056,1946,42.0
Ford,Escort,130.0,4.0,200,3000,15,80,1,0.043333333333333335,1946,32.5
Ford,Escort,110.0,4.0,200,3000,15,80,1,0.03666666666666667,1946,27.5
Lotus,Esprit,350.0,8.0,200,3000,15,80,1,0.11666666666666667,1946,43.75
Buick,Estate Wagon,140.0,8.0,200,3000,15,80,1,0.04666666666666667,1946,17.5
Suzuki,Esteem,122.0,4.0,200,3000,15,80,1,0.04066666666666666,1946,30.5
Suzuki,Esteem,95.0,4.0,200,3000,15,80,1,0.03166666666666667,1946,23.75
Volkswagen,EuroVan,201.0,6.0,200,3000,15,80,1,0.067,1946,33.5
Lotus,Evora 400,400.0,6.0,200,3000,15,80,1,0.13333333333333333,1946,66.66666666666667
Lotus,Evora,276.0,6.0,200,3000,15,80,1,0.092,1946,46.0
Lotus,Evora,345.0,6.0,200,3000,15,80,1,0.115,1946,57.5
Infiniti,EX35,297.0,6.0,200,3000,15,80,1,0.099,1946,49.5
Hyundai,Excel,81.0,4.0,200,3000,15,80,1,0.027,1946,20.25
Lotus,Exige,257.0,4.0,200,3000,15,80,1,0.08566666666666667,1946,64.25
Lotus,Exige,240.0,4.0,200,3000,15,80,1,0.08,1946,60.0
Infiniti,EX,297.0,6.0,200,3000,15,80,1,0.099,1946,49.5
Infiniti,EX,325.0,6.0,200,3000,15,80,1,0.10833333333333334,1946,54.166666666666664
Ford,Expedition,365.0,6.0,200,3000,15,80,1,0.12166666666666667,1946,60.833333333333336
Ford,Explorer Sport Trac,292.0,8.0,200,3000,15,80,1,0.09733333333333333,1946,36.5
Ford,Explorer Sport Trac,210.0,6.0,200,3000,15,80,1,0.07,1946,35.0
Ford,Explorer Sport,203.0,6.0,200,3000,15,80,1,0.06766666666666667,1946,33.833333333333336
Ford,Explorer,290.0,6.0,200,3000,15,80,1,0.09666666666666666,1946,48.333333333333336
Ford,Explorer,365.0,6.0,200,3000,15,80,1,0.12166666666666667,1946,60.833333333333336
Ford,Explorer,280.0,4.0,200,3000,15,80,1,0.09333333333333334,1946,70.0
Mitsubishi,Expo,136.0,4.0,200,3000,15,80,1,0.04533333333333334,1946,34.0
Mitsubishi,Expo,113.0,4.0,200,3000,15,80,1,0.03766666666666667,1946,28.25
Chevrolet,Express Cargo,310.0,8.0,200,3000,15,80,1,0.10333333333333333,1946,38.75
Chevrolet,Express Cargo,195.0,6.0,200,3000,15,80,1,0.065,1946,32.5
Chevrolet,Express,310.0,8.0,200,3000,15,80,1,0.10333333333333333,1946,38.75
Chevrolet,Express,285.0,8.0,200,3000,15,80,1,0.095,1946,35.625
Ford,F-150 Heritage,202.0,6.0,200,3000,15,80,1,0.06733333333333333,1946,33.666666666666664
Ford,F-150 Heritage,231.0,8.0,200,3000,15,80,1,0.077,1946,28.875
Ford,F-150 SVT Lightning,240.0,8.0,200,3000,15,80,1,0.08,1946,30.0
Ford,F-150 SVT Lightning,360.0,8.0,200,3000,15,80,1,0.12,1946,45.0
Ford,F-150,325.0,6.0,200,3000,15,80,1,0.10833333333333334,1946,54.166666666666664
Ford,F-150,282.0,6.0,200,3000,15,80,1,0.094,1946,47.0
Ford,F-150,385.0,8.0,200,3000,15,80,1,0.12833333333333333,1946,48.125
Ford,F-150,365.0,6.0,200,3000,15,80,1,0.12166666666666667,1946,60.833333333333336
Ford,F-150,450.0,6.0,200,3000,15,80,1,0.15,1946,75.0
Ford,F-250,220.0,8.0,200,3000,15,80,1,0.07333333333333333,1946,27.5
Ferrari,F12 Berlinetta,731.0,12.0,200,3000,15,80,1,0.24366666666666667,1946,60.916666666666664
Ferrari,F430,483.0,8.0,200,3000,15,80,1,0.161,1946,60.375
Ford,Festiva,63.0,4.0,200,3000,15,80,1,0.021,1946,15.75
Ferrari,FF,651.0,12.0,200,3000,15,80,1,0.217,1946,54.25
Ford,Fiesta,120.0,4.0,200,3000,15,80,1,0.04,1946,30.0
Ford,Fiesta,197.0,4.0,200,3000,15,80,1,0.06566666666666666,1946,49.25
Pontiac,Firebird,200.0,6.0,200,3000,15,80,1,0.06666666666666667,1946,33.333333333333336
Pontiac,Firebird,305.0,8.0,200,3000,15,80,1,0.10166666666666667,1946,38.125
Pontiac,Firebird,310.0,8.0,200,3000,15,80,1,0.10333333333333333,1946,38.75
Honda,Fit,130.0,4.0,200,3000,15,80,1,0.043333333333333335,1946,32.5
Ford,Five Hundred,203.0,6.0,200,3000,15,80,1,0.06766666666666667,1946,33.833333333333336
Toyota,FJ Cruiser,260.0,6.0,200,3000,15,80,1,0.08666666666666667,1946,43.333333333333336
Cadillac,Fleetwood,260.0,8.0,200,3000,15,80,1,0.08666666666666667,1946,32.5
Ford,Flex,287.0,6.0,200,3000,15,80,1,0.09566666666666666,1946,47.833333333333336
Ford,Flex,365.0,6.0,200,3000,15,80,1,0.12166666666666667,1946,60.833333333333336
Bentley,Flying Spur,616.0,12.0,200,3000,15,80,1,0.20533333333333334,1946,51.333333333333336
Bentley,Flying Spur,500.0,8.0,200,3000,15,80,1,0.16666666666666666,1946,62.5
Ford,Focus RS,350.0,4.0,200,3000,15,80,1,0.11666666666666667,1946,87.5
Ford,Focus ST,252.0,4.0,200,3000,15,80,1,0.084,1946,63.0
Ford,Focus,160.0,4.0,200,3000,15,80,1,0.05333333333333334,1946,40.0
Ford,Focus,123.0,3.0,200,3000,15,80,1,0.041,1946,41.0
Suzuki,Forenza,126.0,4.0,200,3000,15,80,1,0.042,1946,31.5
Suzuki,Forenza,127.0,4.0,200,3000,15,80,1,0.042333333333333334,1946,31.75
Subaru,Forester,250.0,4.0,200,3000,15,80,1,0.08333333333333333,1946,62.5
Subaru,Forester,170.0,4.0,200,3000,15,80,1,0.056666666666666664,1946,42.5
Kia,Forte,173.0,4.0,200,3000,15,80,1,0.057666666666666665,1946,43.25
Kia,Forte,201.0,4.0,200,3000,15,80,1,0.067,1946,50.25
Kia,Forte,145.0,4.0,200,3000,15,80,1,0.04833333333333333,1946,36.25
Kia,Forte,147.0,4.0,200,3000,15,80,1,0.049,1946,36.75
Kia,Forte,164.0,4.0,200,3000,15,80,1,0.05466666666666667,1946,41.0
Volkswagen,Fox,81.0,4.0,200,3000,15,80,1,0.027,1946,20.25
Scion,FR-S,200.0,4.0,200,3000,15,80,1,0.06666666666666667,1946,50.0
Land Rover,Freelander,174.0,6.0,200,3000,15,80,1,0.058,1946,29.0
Ford,Freestar,193.0,6.0,200,3000,15,80,1,0.06433333333333334,1946,32.166666666666664
Ford,Freestar,201.0,6.0,200,3000,15,80,1,0.067,1946,33.5
Ford,Freestyle,203.0,6.0,200,3000,15,80,1,0.06766666666666667,1946,33.833333333333336
Nissan,Frontier,261.0,6.0,200,3000,15,80,1,0.087,1946,43.5
Nissan,Frontier,152.0,4.0,200,3000,15,80,1,0.050666666666666665,1946,38.0
Ford,Fusion Hybrid,188.0,4.0,200,3000,15,80,1,0.06266666666666666,1946,47.0
Ford,Fusion,231.0,4.0,200,3000,15,80,1,0.077,1946,57.75
Ford,Fusion,175.0,4.0,200,3000,15,80,1,0.058333333333333334,1946,43.75
Infiniti,FX35,275.0,6.0,200,3000,15,80,1,0.09166666666666666,1946,45.833333333333336
Infiniti,FX35,303.0,6.0,200,3000,15,80,1,0.101,1946,50.5
Infiniti,FX45,320.0,8.0,200,3000,15,80,1,0.10666666666666667,1946,40.0
Infiniti,FX50,390.0,8.0,200,3000,15,80,1,0.13,1946,48.75
Infiniti,FX,303.0,6.0,200,3000,15,80,1,0.101,1946,50.5
Infiniti,FX,390.0,8.0,200,3000,15,80,1,0.13,1946,48.75
Infiniti,FX,325.0,6.0,200,3000,15,80,1,0.10833333333333334,1946,54.166666666666664
Mercedes-Benz,G-Class,382.0,8.0,200,3000,15,80,1,0.12733333333333333,1946,47.75
Mercedes-Benz,G-Class,536.0,8.0,200,3000,15,80,1,0.17866666666666667,1946,67.0
Mercedes-Benz,G-Class,416.0,8.0,200,3000,15,80,1,0.13866666666666666,1946,52.0
Mercedes-Benz,G-Class,563.0,8.0,200,3000,15,80,1,0.18766666666666668,1946,70.375
Mercedes-Benz,G-Class,621.0,12.0,200,3000,15,80,1,0.207,1946,51.75
Infiniti,G Convertible,325.0,6.0,200,3000,15,80,1,0.10833333333333334,1946,54.166666666666664
Infiniti,G Convertible,343.0,6.0,200,3000,15,80,1,0.11433333333333333,1946,57.166666666666664
Infiniti,G Coupe,330.0,6.0,200,3000,15,80,1,0.11,1946,55.0
Infiniti,G Coupe,348.0,6.0,200,3000,15,80,1,0.116,1946,58.0
Infiniti,G Sedan,328.0,6.0,200,3000,15,80,1,0.10933333333333334,1946,54.666666666666664
Infiniti,G Sedan,218.0,6.0,200,3000,15,80,1,0.07266666666666667,1946,36.333333333333336
Infiniti,G20,145.0,4.0,200,3000,15,80,1,0.04833333333333333,1946,36.25
Infiniti,G35,280.0,6.0,200,3000,15,80,1,0.09333333333333334,1946,46.666666666666664
Infiniti,G35,298.0,6.0,200,3000,15,80,1,0.09933333333333333,1946,49.666666666666664
Infiniti,G35,275.0,6.0,200,3000,15,80,1,0.09166666666666666,1946,45.833333333333336
Infiniti,G35,306.0,6.0,200,3000,15,80,1,0.102,1946,51.0
Infiniti,G35,293.0,6.0,200,3000,15,80,1,0.09766666666666667,1946,48.833333333333336
Infiniti,G37 Convertible,325.0,6.0,200,3000,15,80,1,0.10833333333333334,1946,54.166666666666664
Infiniti,G37 Coupe,330.0,6.0,200,3000,15,80,1,0.11,1946,55.0
Infiniti,G37 Sedan,328.0,6.0,200,3000,15,80,1,0.10933333333333334,1946,54.666666666666664
Infiniti,G37,330.0,6.0,200,3000,15,80,1,0.11,1946,55.0
Infiniti,G37,328.0,6.0,200,3000,15,80,1,0.10933333333333334,1946,54.666666666666664
Infiniti,G37,325.0,6.0,200,3000,15,80,1,0.10833333333333334,1946,54.166666666666664
Pontiac,G3,106.0,4.0,200,3000,15,80,1,0.035333333333333335,1946,26.5
Pontiac,G5,148.0,4.0,200,3000,15,80,1,0.04933333333333333,1946,37.0
Pontiac,G5,173.0,4.0,200,3000,15,80,1,0.057666666666666665,1946,43.25
Pontiac,G5,171.0,4.0,200,3000,15,80,1,0.057,1946,42.75
Pontiac,G5,155.0,4.0,200,3000,15,80,1,0.051666666666666666,1946,38.75
Pontiac,G6,217.0,6.0,200,3000,15,80,1,0.07233333333333333,1946,36.166666666666664
Pontiac,G6,252.0,6.0,200,3000,15,80,1,0.084,1946,42.0
Pontiac,G6,219.0,6.0,200,3000,15,80,1,0.073,1946,36.5
Pontiac,G6,164.0,4.0,200,3000,15,80,1,0.05466666666666667,1946,41.0
Pontiac,G6,221.0,6.0,200,3000,15,80,1,0.07366666666666667,1946,36.833333333333336
Genesis,G80,311.0,6.0,200,3000,15,80,1,0.10366666666666667,1946,51.833333333333336
Genesis,G80,420.0,8.0,200,3000,15,80,1,0.14,1946,52.5
Pontiac,G8,361.0,8.0,200,3000,15,80,1,0.12033333333333333,1946,45.125
Pontiac,G8,256.0,6.0,200,3000,15,80,1,0.08533333333333333,1946,42.666666666666664
Pontiac,G8,355.0,8.0,200,3000,15,80,1,0.11833333333333333,1946,44.375
Pontiac,G8,415.0,8.0,200,3000,15,80,1,0.13833333333333334,1946,51.875
Mitsubishi,Galant,160.0,4.0,200,3000,15,80,1,0.05333333333333334,1946,40.0
Lamborghini,Gallardo,570.0,10.0,200,3000,15,80,1,0.19,1946,57.0
Lamborghini,Gallardo,560.0,10.0,200,3000,15,80,1,0.18666666666666668,1946,56.0
Lamborghini,Gallardo,550.0,10.0,200,3000,15,80,1,0.18333333333333332,1946,55.0
Hyundai,Genesis Coupe,348.0,6.0,200,3000,15,80,1,0.116,1946,58.0
Hyundai,Genesis Coupe,274.0,4.0,200,3000,15,80,1,0.09133333333333334,1946,68.5
Hyundai,Genesis,333.0,6.0,200,3000,15,80,1,0.111,1946,55.5
Hyundai,Genesis,429.0,8.0,200,3000,15,80,1,0.143,1946,53.625
Hyundai,Genesis,420.0,8.0,200,3000,15,80,1,0.14,1946,52.5
Hyundai,Genesis,311.0,6.0,200,3000,15,80,1,0.10366666666666667,1946,51.833333333333336
Maserati,Ghibli,404.0,6.0,200,3000,15,80,1,0.13466666666666666,1946,67.33333333333333
Maserati,Ghibli,345.0,6.0,200,3000,15,80,1,0.115,1946,57.5
Rolls-Royce,Ghost Series II,563.0,12.0,200,3000,15,80,1,0.18766666666666668,1946,46.916666666666664
Rolls-Royce,Ghost,563.0,12.0,200,3000,15,80,1,0.18766666666666668,1946,46.916666666666664
Mercedes-Benz,GL-Class,240.0,6.0,200,3000,15,80,1,0.08,1946,40.0
Mercedes-Benz,GL-Class,362.0,8.0,200,3000,15,80,1,0.12066666666666667,1946,45.25
Mercedes-Benz,GL-Class,429.0,8.0,200,3000,15,80,1,0.143,1946,53.625
Mercedes-Benz,GL-Class,550.0,8.0,200,3000,15,80,1,0.18333333333333332,1946,68.75
Mercedes-Benz,GL-Class,362.0,6.0,200,3000,15,80,1,0.12066666666666667,1946,60.333333333333336
Mercedes-Benz,GLA-Class,208.0,4.0,200,3000,15,80,1,0.06933333333333333,1946,52.0
Mercedes-Benz,GLA-Class,355.0,4.0,200,3000,15,80,1,0.11833333333333333,1946,88.75
Mercedes-Benz,GLA-Class,375.0,4.0,200,3000,15,80,1,0.125,1946,93.75
Mercedes-Benz,GLC-Class,241.0,4.0,200,3000,15,80,1,0.08033333333333334,1946,60.25
Mercedes-Benz,GLE-Class Coupe,362.0,6.0,200,3000,15,80,1,0.12066666666666667,1946,60.333333333333336
Mercedes-Benz,GLE-Class Coupe,577.0,8.0,200,3000,15,80,1,0.19233333333333333,1946,72.125
Mercedes-Benz,GLE-Class,329.0,6.0,200,3000,15,80,1,0.10966666666666666,1946,54.833333333333336
Mercedes-Benz,GLE-Class,550.0,8.0,200,3000,15,80,1,0.18333333333333332,1946,68.75
Mercedes-Benz,GLE-Class,302.0,6.0,200,3000,15,80,1,0.10066666666666667,1946,50.333333333333336
Mercedes-Benz,GLE-Class,577.0,8.0,200,3000,15,80,1,0.19233333333333333,1946,72.125
Mercedes-Benz,GLE-Class,201.0,4.0,200,3000,15,80,1,0.067,1946,50.25
Volkswagen,GLI,200.0,4.0,200,3000,15,80,1,0.06666666666666667,1946,50.0
Mercedes-Benz,GLK-Class,302.0,6.0,200,3000,15,80,1,0.10066666666666667,1946,50.333333333333336
Mercedes-Benz,GLK-Class,200.0,4.0,200,3000,15,80,1,0.06666666666666667,1946,50.0
Mercedes-Benz,GLS-Class,577.0,8.0,200,3000,15,80,1,0.19233333333333333,1946,72.125
Mercedes-Benz,GLS-Class,449.0,8.0,200,3000,15,80,1,0.14966666666666667,1946,56.125
Mercedes-Benz,GLS-Class,362.0,6.0,200,3000,15,80,1,0.12066666666666667,1946,60.333333333333336
Volkswagen,Golf Alltrack,170.0,4.0,200,3000,15,80,1,0.056666666666666664,1946,42.5
Volkswagen,Golf GTI,220.0,4.0,200,3000,15,80,1,0.07333333333333333,1946,55.0
Volkswagen,Golf GTI,210.0,4.0,200,3000,15,80,1,0.07,1946,52.5
Volkswagen,Golf R,292.0,4.0,200,3000,15,80,1,0.09733333333333333,1946,73.0
Volkswagen,Golf SportWagen,150.0,4.0,200,3000,15,80,1,0.05,1946,37.5
Volkswagen,Golf SportWagen,170.0,4.0,200,3000,15,80,1,0.056666666666666664,1946,42.5
Volkswagen,Golf,150.0,4.0,200,3000,15,80,1,0.05,1946,37.5
Volkswagen,Golf,170.0,4.0,200,3000,15,80,1,0.056666666666666664,1946,42.5
Pontiac,Grand Am,175.0,6.0,200,3000,15,80,1,0.058333333333333334,1946,29.166666666666668
Pontiac,Grand Am,140.0,4.0,200,3000,15,80,1,0.04666666666666667,1946,35.0
Pontiac,Grand Am,170.0,6.0,200,3000,15,80,1,0.056666666666666664,1946,28.333333333333332
Dodge,Grand Caravan,283.0,6.0,200,3000,15,80,1,0.09433333333333334,1946,47.166666666666664
Pontiac,Grand Prix,260.0,6.0,200,3000,15,80,1,0.08666666666666667,1946,43.333333333333336
Pontiac,Grand Prix,303.0,8.0,200,3000,15,80,1,0.101,1946,37.875
Pontiac,Grand Prix,200.0,6.0,200,3000,15,80,1,0.06666666666666667,1946,33.333333333333336
Suzuki,Grand Vitara,166.0,4.0,200,3000,15,80,1,0.05533333333333333,1946,41.5
Chrysler,Grand Voyager,158.0,6.0,200,3000,15,80,1,0.05266666666666667,1946,26.333333333333332
Plymouth,Grand Voyager,150.0,6.0,200,3000,15,80,1,0.05,1946,25.0
Plymouth,Grand Voyager,158.0,6.0,200,3000,15,80,1,0.05266666666666667,1946,26.333333333333332
Maserati,GranSport,395.0,8.0,200,3000,15,80,1,0.13166666666666665,1946,49.375
Maserati,GranSport,401.0,8.0,200,3000,15,80,1,0.13366666666666666,1946,50.125
Maserati,GranTurismo Convertible,454.0,8.0,200,3000,15,80,1,0.15133333333333332,1946,56.75
Maserati,GranTurismo Convertible,444.0,8.0,200,3000,15,80,1,0.148,1946,55.5
Maserati,GranTurismo,454.0,8.0,200,3000,15,80,1,0.15133333333333332,1946,56.75
Lexus,GS 200t,241.0,4.0,200,3000,15,80,1,0.08033333333333334,1946,60.25
Lexus,GS 300,220.0,6.0,200,3000,15,80,1,0.07333333333333333,1946,36.666666666666664
Lexus,GS 300,245.0,6.0,200,3000,15,80,1,0.08166666666666667,1946,40.833333333333336
Lexus,GS 350,306.0,6.0,200,3000,15,80,1,0.102,1946,51.0
Lexus,GS 350,311.0,6.0,200,3000,15,80,1,0.10366666666666667,1946,51.833333333333336
Lexus,GS 400,300.0,8.0,200,3000,15,80,1,0.1,1946,37.5
Lexus,GS 430,300.0,8.0,200,3000,15,80,1,0.1,1946,37.5
Lexus,GS 430,290.0,8.0,200,3000,15,80,1,0.09666666666666666,1946,36.25
Lexus,GS 450h,338.0,6.0,200,3000,15,80,1,0.11266666666666666,1946,56.333333333333336
Lexus,GS 460,342.0,8.0,200,3000,15,80,1,0.114,1946,42.75
Lexus,GS F,467.0,8.0,200,3000,15,80,1,0.15566666666666668,1946,58.375
Nissan,GT-R,545.0,6.0,200,3000,15,80,1,0.18166666666666667,1946,90.83333333333333
Nissan,GT-R,600.0,6.0,200,3000,15,80,1,0.2,1946,100.0
Nissan,GT-R,565.0,6.0,200,3000,15,80,1,0.18833333333333332,1946,94.16666666666667
Ford,GT,550.0,8.0,200,3000,15,80,1,0.18333333333333332,1946,68.75
Volkswagen,GTI,200.0,4.0,200,3000,15,80,1,0.06666666666666667,1946,50.0
Pontiac,GTO,350.0,8.0,200,3000,15,80,1,0.11666666666666667,1946,43.75
Pontiac,GTO,400.0,8.0,200,3000,15,80,1,0.13333333333333333,1946,50.0
Lexus,GX 460,301.0,8.0,200,3000,15,80,1,0.10033333333333333,1946,37.625
Lexus,GX 470,263.0,8.0,200,3000,15,80,1,0.08766666666666667,1946,32.875
HUMMER,H3,242.0,5.0,200,3000,15,80,1,0.08066666666666666,1946,48.4
HUMMER,H3,300.0,8.0,200,3000,15,80,1,0.1,1946,37.5
HUMMER,H3,239.0,5.0,200,3000,15,80,1,0.07966666666666666,1946,47.8
HUMMER,H3T,239.0,5.0,200,3000,15,80,1,0.07966666666666666,1946,47.8
HUMMER,H3T,300.0,8.0,200,3000,15,80,1,0.1,1946,37.5
Chevrolet,HHR,155.0,4.0,200,3000,15,80,1,0.051666666666666666,1946,38.75
Chevrolet,HHR,260.0,4.0,200,3000,15,80,1,0.08666666666666667,1946,65.0
Toyota,Highlander Hybrid,280.0,6.0,200,3000,15,80,1,0.09333333333333334,1946,46.666666666666664
Toyota,Highlander,270.0,6.0,200,3000,15,80,1,0.09,1946,45.0
Toyota,Highlander,185.0,4.0,200,3000,15,80,1,0.06166666666666667,1946,46.25
Plymouth,Horizon,93.0,4.0,200,3000,15,80,1,0.031,1946,23.25
Honda,HR-V,141.0,4.0,200,3000,15,80,1,0.047,1946,35.25
Lexus,HS 250h,187.0,4.0,200,3000,15,80,1,0.06233333333333333,1946,46.75
Lamborghini,Huracan,610.0,10.0,200,3000,15,80,1,0.20333333333333334,1946,61.0
Lamborghini,Huracan,580.0,10.0,200,3000,15,80,1,0.19333333333333333,1946,58.0
Infiniti,I30,190.0,6.0,200,3000,15,80,1,0.06333333333333334,1946,31.666666666666668
Infiniti,I30,227.0,6.0,200,3000,15,80,1,0.07566666666666666,1946,37.833333333333336
Infiniti,I35,255.0,6.0,200,3000,15,80,1,0.085,1946,42.5
BMW,i3,170.0,0.0,200,3000,15,80,1,0.056666666666666664,1946,inf
Scion,iA,106.0,4.0,200,3000,15,80,1,0.035333333333333335,1946,26.5
Acura,ILX Hybrid,111.0,4.0,200,3000,15,80,1,0.037,1946,27.75
Acura,ILX,201.0,4.0,200,3000,15,80,1,0.067,1946,50.25
Acura,ILX,150.0,4.0,200,3000,15,80,1,0.05,1946,37.5
Chevrolet,Impala Limited,300.0,6.0,200,3000,15,80,1,0.1,1946,50.0
Chevrolet,Impala,195.0,4.0,200,3000,15,80,1,0.065,1946,48.75
Chevrolet,Impala,305.0,6.0,200,3000,15,80,1,0.10166666666666667,1946,50.833333333333336
Chrysler,Imperial,150.0,6.0,200,3000,15,80,1,0.05,1946,25.0
Subaru,Impreza WRX,265.0,4.0,200,3000,15,80,1,0.08833333333333333,1946,66.25
Subaru,Impreza WRX,305.0,4.0,200,3000,15,80,1,0.10166666666666667,1946,76.25
Subaru,Impreza,148.0,4.0,200,3000,15,80,1,0.04933333333333333,1946,37.0
Subaru,Impreza,152.0,4.0,200,3000,15,80,1,0.050666666666666665,1946,38.0
Scion,iM,137.0,4.0,200,3000,15,80,1,0.04566666666666667,1946,34.25
Honda,Insight,98.0,4.0,200,3000,15,80,1,0.03266666666666666,1946,24.5
Acura,Integra,140.0,4.0,200,3000,15,80,1,0.04666666666666667,1946,35.0
Acura,Integra,170.0,4.0,200,3000,15,80,1,0.056666666666666664,1946,42.5
Acura,Integra,195.0,4.0,200,3000,15,80,1,0.065,1946,48.75
Dodge,Intrepid,244.0,6.0,200,3000,15,80,1,0.08133333333333333,1946,40.666666666666664
Dodge,Intrepid,200.0,6.0,200,3000,15,80,1,0.06666666666666667,1946,33.333333333333336
Dodge,Intrepid,234.0,6.0,200,3000,15,80,1,0.078,1946,39.0
Oldsmobile,Intrigue,215.0,6.0,200,3000,15,80,1,0.07166666666666667,1946,35.833333333333336
Scion,iQ,94.0,4.0,200,3000,15,80,1,0.03133333333333333,1946,23.5
Lexus,IS 200t,241.0,4.0,200,3000,15,80,1,0.08033333333333334,1946,60.25
Lexus,IS 250 C,204.0,6.0,200,3000,15,80,1,0.068,1946,34.0
Lexus,IS 250,204.0,6.0,200,3000,15,80,1,0.068,1946,34.0
Lexus,IS 300,215.0,6.0,200,3000,15,80,1,0.07166666666666667,1946,35.833333333333336
Lexus,IS 300,255.0,6.0,200,3000,15,80,1,0.085,1946,42.5
Lexus,IS 350 C,306.0,6.0,200,3000,15,80,1,0.102,1946,51.0
Lexus,IS 350,306.0,6.0,200,3000,15,80,1,0.102,1946,51.0
Lexus,IS F,416.0,8.0,200,3000,15,80,1,0.13866666666666666,1946,52.0
Infiniti,J30,210.0,6.0,200,3000,15,80,1,0.07,1946,35.0
Volkswagen,Jetta GLI,210.0,4.0,200,3000,15,80,1,0.07,1946,52.5
Volkswagen,Jetta GLI,200.0,4.0,200,3000,15,80,1,0.06666666666666667,1946,50.0
Volkswagen,Jetta Hybrid,170.0,4.0,200,3000,15,80,1,0.056666666666666664,1946,42.5
Volkswagen,Jetta SportWagen,170.0,5.0,200,3000,15,80,1,0.056666666666666664,1946,34.0
Volkswagen,Jetta SportWagen,140.0,4.0,200,3000,15,80,1,0.04666666666666667,1946,35.0
Volkswagen,Jetta,170.0,4.0,200,3000,15,80,1,0.056666666666666664,1946,42.5
Volkswagen,Jetta,210.0,4.0,200,3000,15,80,1,0.07,1946,52.5
Volkswagen,Jetta,150.0,4.0,200,3000,15,80,1,0.05,1946,37.5
Volkswagen,Jetta,115.0,4.0,200,3000,15,80,1,0.03833333333333333,1946,28.75
GMC,Jimmy,190.0,6.0,200,3000,15,80,1,0.06333333333333334,1946,31.666666666666668
Dodge,Journey,283.0,6.0,200,3000,15,80,1,0.09433333333333334,1946,47.166666666666664
Dodge,Journey,173.0,4.0,200,3000,15,80,1,0.057666666666666665,1946,43.25
Nissan,Juke,188.0,4.0,200,3000,15,80,1,0.06266666666666666,1946,47.0
Nissan,Juke,215.0,4.0,200,3000,15,80,1,0.07166666666666667,1946,53.75
Nissan,Juke,211.0,4.0,200,3000,15,80,1,0.07033333333333333,1946,52.75
Subaru,Justy,73.0,3.0,200,3000,15,80,1,0.024333333333333332,1946,24.333333333333332
Subaru,Justy,66.0,3.0,200,3000,15,80,1,0.022,1946,22.0
Infiniti,JX,265.0,6.0,200,3000,15,80,1,0.08833333333333333,1946,44.166666666666664
Kia,K900,420.0,8.0,200,3000,15,80,1,0.14,1946,52.5
Kia,K900,311.0,6.0,200,3000,15,80,1,0.10366666666666667,1946,51.833333333333336
Suzuki,Kizashi,180.0,4.0,200,3000,15,80,1,0.06,1946,45.0
Suzuki,Kizashi,185.0,4.0,200,3000,15,80,1,0.06166666666666667,1946,46.25
Buick,LaCrosse,182.0,4.0,200,3000,15,80,1,0.06066666666666667,1946,45.5
Buick,LaCrosse,304.0,6.0,200,3000,15,80,1,0.10133333333333333,1946,50.666666666666664
Buick,LaCrosse,310.0,6.0,200,3000,15,80,1,0.10333333333333333,1946,51.666666666666664
Mitsubishi,Lancer Evolution,291.0,4.0,200,3000,15,80,1,0.097,1946,72.75
Mitsubishi,Lancer Evolution,303.0,4.0,200,3000,15,80,1,0.101,1946,75.75
Mitsubishi,Lancer Sportback,168.0,4.0,200,3000,15,80,1,0.056,1946,42.0
Mitsubishi,Lancer Sportback,148.0,4.0,200,3000,15,80,1,0.04933333333333333,1946,37.0
Mitsubishi,Lancer,148.0,4.0,200,3000,15,80,1,0.04933333333333333,1946,37.0
Mitsubishi,Lancer,237.0,4.0,200,3000,15,80,1,0.079,1946,59.25
Mitsubishi,Lancer,168.0,4.0,200,3000,15,80,1,0.056,1946,42.0
Toyota,Land Cruiser,381.0,8.0,200,3000,15,80,1,0.127,1946,47.625
Maybach,Landaulet,620.0,12.0,200,3000,15,80,1,0.20666666666666667,1946,51.666666666666664
Plymouth,Laser,92.0,4.0,200,3000,15,80,1,0.030666666666666665,1946,23.0
Plymouth,Laser,135.0,4.0,200,3000,15,80,1,0.045,1946,33.75
Plymouth,Laser,195.0,4.0,200,3000,15,80,1,0.065,1946,48.75
Chrysler,Le Baron,141.0,6.0,200,3000,15,80,1,0.047,1946,23.5
Chrysler,Le Baron,100.0,4.0,200,3000,15,80,1,0.03333333333333333,1946,25.0
Chrysler,Le Baron,142.0,6.0,200,3000,15,80,1,0.04733333333333333,1946,23.666666666666668
Pontiac,Le Mans,74.0,4.0,200,3000,15,80,1,0.024666666666666667,1946,18.5
Subaru,Legacy,175.0,4.0,200,3000,15,80,1,0.058333333333333334,1946,43.75
Subaru,Legacy,256.0,6.0,200,3000,15,80,1,0.08533333333333333,1946,42.666666666666664
Acura,Legend,200.0,6.0,200,3000,15,80,1,0.06666666666666667,1946,33.333333333333336
Acura,Legend,230.0,6.0,200,3000,15,80,1,0.07666666666666666,1946,38.333333333333336
Buick,LeSabre,205.0,6.0,200,3000,15,80,1,0.06833333333333333,1946,34.166666666666664
Maserati,Levante,424.0,6.0,200,3000,15,80,1,0.14133333333333334,1946,70.66666666666667
Maserati,Levante,345.0,6.0,200,3000,15,80,1,0.115,1946,57.5
Lexus,LFA,552.0,10.0,200,3000,15,80,1,0.184,1946,55.2
Chrysler,LHS,253.0,6.0,200,3000,15,80,1,0.08433333333333333,1946,42.166666666666664
Subaru,Loyale,90.0,4.0,200,3000,15,80,1,0.03,1946,22.5
Land Rover,LR2,240.0,4.0,200,3000,15,80,1,0.08,1946,60.0
Land Rover,LR3,300.0,8.0,200,3000,15,80,1,0.1,1946,37.5
Land Rover,LR4,340.0,6.0,200,3000,15,80,1,0.11333333333333333,1946,56.666666666666664
Lexus,LS 400,290.0,8.0,200,3000,15,80,1,0.09666666666666666,1946,36.25
Lexus,LS 430,290.0,8.0,200,3000,15,80,1,0.09666666666666666,1946,36.25
Lexus,LS 430,278.0,8.0,200,3000,15,80,1,0.09266666666666666,1946,34.75
Lexus,LS 460,360.0,8.0,200,3000,15,80,1,0.12,1946,45.0
Lexus,LS 460,386.0,8.0,200,3000,15,80,1,0.12866666666666668,1946,48.25
Lexus,LS 460,359.0,8.0,200,3000,15,80,1,0.11966666666666667,1946,44.875
Lexus,LS 600h L,438.0,8.0,200,3000,15,80,1,0.146,1946,54.75
Lincoln,LS,232.0,6.0,200,3000,15,80,1,0.07733333333333334,1946,38.666666666666664
Lincoln,LS,280.0,8.0,200,3000,15,80,1,0.09333333333333334,1946,35.0
Oldsmobile,LSS,240.0,6.0,200,3000,15,80,1,0.08,1946,40.0
Oldsmobile,LSS,205.0,6.0,200,3000,15,80,1,0.06833333333333333,1946,34.166666666666664
Oldsmobile,LSS,195.0,6.0,200,3000,15,80,1,0.065,1946,32.5
Ford,LTD Crown Victoria,150.0,8.0,200,3000,15,80,1,0.05,1946,18.75
Buick,Lucerne,292.0,8.0,200,3000,15,80,1,0.09733333333333333,1946,36.5
Buick,Lucerne,227.0,6.0,200,3000,15,80,1,0.07566666666666666,1946,37.833333333333336
Chevrolet,Lumina Minivan,120.0,6.0,200,3000,15,80,1,0.04,1946,20.0
Chevrolet,Lumina Minivan,180.0,6.0,200,3000,15,80,1,0.06,1946,30.0
Chevrolet,Lumina,160.0,6.0,200,3000,15,80,1,0.05333333333333334,1946,26.666666666666668
Chevrolet,Lumina,200.0,6.0,200,3000,15,80,1,0.06666666666666667,1946,33.333333333333336
Chevrolet,Lumina,175.0,6.0,200,3000,15,80,1,0.058333333333333334,1946,29.166666666666668
Lexus,LX 450,212.0,6.0,200,3000,15,80,1,0.07066666666666667,1946,35.333333333333336
Lexus,LX 470,235.0,8.0,200,3000,15,80,1,0.07833333333333334,1946,29.375
Lexus,LX 470,275.0,8.0,200,3000,15,80,1,0.09166666666666666,1946,34.375
Lexus,LX 470,268.0,8.0,200,3000,15,80,1,0.08933333333333333,1946,33.5
Lexus,LX 570,383.0,8.0,200,3000,15,80,1,0.12766666666666668,1946,47.875
Mercedes-Benz,M-Class,240.0,6.0,200,3000,15,80,1,0.08,1946,40.0
Mercedes-Benz,M-Class,518.0,8.0,200,3000,15,80,1,0.17266666666666666,1946,64.75
Mercedes-Benz,M-Class,402.0,8.0,200,3000,15,80,1,0.134,1946,50.25
Mercedes-Benz,M-Class,302.0,6.0,200,3000,15,80,1,0.10066666666666667,1946,50.333333333333336
Mercedes-Benz,M-Class,329.0,6.0,200,3000,15,80,1,0.10966666666666666,1946,54.833333333333336
BMW,M2,365.0,6.0,200,3000,15,80,1,0.12166666666666667,1946,60.833333333333336
Infiniti,M30,162.0,6.0,200,3000,15,80,1,0.054,1946,27.0
Infiniti,M35,275.0,6.0,200,3000,15,80,1,0.09166666666666666,1946,45.833333333333336
Infiniti,M35,303.0,6.0,200,3000,15,80,1,0.101,1946,50.5
Infiniti,M37,330.0,6.0,200,3000,15,80,1,0.11,1946,55.0
BMW,M3,425.0,6.0,200,3000,15,80,1,0.14166666666666666,1946,70.83333333333333
BMW,M4 GTS,493.0,6.0,200,3000,15,80,1,0.16433333333333333,1946,82.16666666666667
Infiniti,M45,325.0,8.0,200,3000,15,80,1,0.10833333333333334,1946,40.625
BMW,M4,425.0,6.0,200,3000,15,80,1,0.14166666666666666,1946,70.83333333333333
Infiniti,M56,420.0,8.0,200,3000,15,80,1,0.14,1946,52.5
BMW,M5,552.0,8.0,200,3000,15,80,1,0.184,1946,69.0
BMW,M5,560.0,8.0,200,3000,15,80,1,0.18666666666666668,1946,70.0
BMW,M6 Gran Coupe,560.0,8.0,200,3000,15,80,1,0.18666666666666668,1946,70.0
BMW,M6 Gran Coupe,552.0,8.0,200,3000,15,80,1,0.184,1946,69.0
BMW,M6,560.0,8.0,200,3000,15,80,1,0.18666666666666668,1946,70.0
BMW,M6,552.0,8.0,200,3000,15,80,1,0.184,1946,69.0
Porsche,Macan,400.0,6.0,200,3000,15,80,1,0.13333333333333333,1946,66.66666666666667
Porsche,Macan,340.0,6.0,200,3000,15,80,1,0.11333333333333333,1946,56.666666666666664
Porsche,Macan,360.0,6.0,200,3000,15,80,1,0.12,1946,60.0
Porsche,Macan,252.0,4.0,200,3000,15,80,1,0.084,1946,63.0
Dodge,Magnum,340.0,8.0,200,3000,15,80,1,0.11333333333333333,1946,42.5
Dodge,Magnum,190.0,6.0,200,3000,15,80,1,0.06333333333333334,1946,31.666666666666668
Dodge,Magnum,250.0,6.0,200,3000,15,80,1,0.08333333333333333,1946,41.666666666666664
Dodge,Magnum,425.0,8.0,200,3000,15,80,1,0.14166666666666666,1946,53.125
Dodge,Magnum,178.0,6.0,200,3000,15,80,1,0.059333333333333335,1946,29.666666666666668
Chevrolet,Malibu Classic,219.0,6.0,200,3000,15,80,1,0.073,1946,36.5
Chevrolet,Malibu Classic,145.0,4.0,200,3000,15,80,1,0.04833333333333333,1946,36.25
Chevrolet,Malibu Hybrid,164.0,4.0,200,3000,15,80,1,0.05466666666666667,1946,41.0
Chevrolet,Malibu Limited,197.0,4.0,200,3000,15,80,1,0.06566666666666666,1946,49.25
Chevrolet,Malibu Maxx,200.0,6.0,200,3000,15,80,1,0.06666666666666667,1946,33.333333333333336
Chevrolet,Malibu Maxx,201.0,6.0,200,3000,15,80,1,0.067,1946,33.5
Chevrolet,Malibu Maxx,240.0,6.0,200,3000,15,80,1,0.08,1946,40.0
Chevrolet,Malibu Maxx,217.0,6.0,200,3000,15,80,1,0.07233333333333333,1946,36.166666666666664
Chevrolet,Malibu,196.0,4.0,200,3000,15,80,1,0.06533333333333333,1946,49.0
Chevrolet,Malibu,259.0,4.0,200,3000,15,80,1,0.08633333333333333,1946,64.75
Chevrolet,Malibu,160.0,4.0,200,3000,15,80,1,0.05333333333333334,1946,40.0
Chevrolet,Malibu,250.0,4.0,200,3000,15,80,1,0.08333333333333333,1946,62.5
Chevrolet,Malibu,182.0,4.0,200,3000,15,80,1,0.06066666666666667,1946,45.5
Lincoln,Mark LT,300.0,8.0,200,3000,15,80,1,0.1,1946,37.5
Lincoln,Mark VIII,280.0,8.0,200,3000,15,80,1,0.09333333333333334,1946,35.0
Lincoln,Mark VIII,290.0,8.0,200,3000,15,80,1,0.09666666666666666,1946,36.25
Lincoln,Mark VII,225.0,8.0,200,3000,15,80,1,0.075,1946,28.125
Toyota,Matrix,132.0,4.0,200,3000,15,80,1,0.044,1946,33.0
Toyota,Matrix,158.0,4.0,200,3000,15,80,1,0.05266666666666667,1946,39.5
Nissan,Maxima,290.0,6.0,200,3000,15,80,1,0.09666666666666666,1946,48.333333333333336
Nissan,Maxima,300.0,6.0,200,3000,15,80,1,0.1,1946,50.0
Mercedes-Benz,Maybach,523.0,12.0,200,3000,15,80,1,0.17433333333333334,1946,43.583333333333336
Mazda,Mazdaspeed 3,263.0,4.0,200,3000,15,80,1,0.08766666666666667,1946,65.75
Mazda,Mazdaspeed 6,274.0,4.0,200,3000,15,80,1,0.09133333333333334,1946,68.5
Mazda,Mazdaspeed MX-5 Miata,178.0,4.0,200,3000,15,80,1,0.059333333333333335,1946,44.5
Mazda,Mazdaspeed Protege,170.0,4.0,200,3000,15,80,1,0.056666666666666664,1946,42.5
BMW,M,315.0,6.0,200,3000,15,80,1,0.105,1946,52.5
BMW,M,330.0,6.0,200,3000,15,80,1,0.11,1946,55.0
Acura,MDX,290.0,6.0,200,3000,15,80,1,0.09666666666666666,1946,48.333333333333336
Mercedes-Benz,Metris,208.0,4.0,200,3000,15,80,1,0.06933333333333333,1946,52.0
Chevrolet,Metro,55.0,3.0,200,3000,15,80,1,0.018333333333333333,1946,18.333333333333332
Chevrolet,Metro,79.0,4.0,200,3000,15,80,1,0.026333333333333334,1946,19.75
Mitsubishi,Mighty Max Pickup,116.0,4.0,200,3000,15,80,1,0.03866666666666667,1946,29.0
Mitsubishi,Mighty Max Pickup,116.0,6.0,200,3000,15,80,1,0.03866666666666667,1946,19.333333333333332
Mitsubishi,Mighty Max Pickup,151.0,4.0,200,3000,15,80,1,0.050333333333333334,1946,37.75
Mazda,Millenia,210.0,6.0,200,3000,15,80,1,0.07,1946,35.0
Mazda,Millenia,170.0,6.0,200,3000,15,80,1,0.056666666666666664,1946,28.333333333333332
Infiniti,M,330.0,6.0,200,3000,15,80,1,0.11,1946,55.0
Infiniti,M,360.0,6.0,200,3000,15,80,1,0.12,1946,60.0
Infiniti,M,420.0,8.0,200,3000,15,80,1,0.14,1946,52.5
Mitsubishi,Mirage G4,78.0,3.0,200,3000,15,80,1,0.026,1946,26.0
Mitsubishi,Mirage,74.0,3.0,200,3000,15,80,1,0.024666666666666667,1946,24.666666666666668
Mitsubishi,Mirage,78.0,3.0,200,3000,15,80,1,0.026,1946,26.0
Lincoln,MKC,240.0,4.0,200,3000,15,80,1,0.08,1946,60.0
Lincoln,MKS,304.0,6.0,200,3000,15,80,1,0.10133333333333333,1946,50.666666666666664
Lincoln,MKS,365.0,6.0,200,3000,15,80,1,0.12166666666666667,1946,60.833333333333336
Lincoln,MKS,305.0,6.0,200,3000,15,80,1,0.10166666666666667,1946,50.833333333333336
Lincoln,MKS,350.0,6.0,200,3000,15,80,1,0.11666666666666667,1946,58.333333333333336
Lincoln,MKT,365.0,6.0,200,3000,15,80,1,0.12166666666666667,1946,60.833333333333336
Lincoln,MKT,303.0,6.0,200,3000,15,80,1,0.101,1946,50.5
Lincoln,MKX,305.0,6.0,200,3000,15,80,1,0.10166666666666667,1946,50.833333333333336
Lincoln,MKX,303.0,6.0,200,3000,15,80,1,0.101,1946,50.5
Lincoln,MKZ Hybrid,191.0,4.0,200,3000,15,80,1,0.06366666666666666,1946,47.75
Lincoln,MKZ,231.0,4.0,200,3000,15,80,1,0.077,1946,57.75
Lincoln,MKZ,188.0,4.0,200,3000,15,80,1,0.06266666666666666,1946,47.0
Lincoln,MKZ,245.0,4.0,200,3000,15,80,1,0.08166666666666667,1946,61.25
Mercedes-Benz,ML55 AMG,342.0,8.0,200,3000,15,80,1,0.114,1946,42.75
Dodge,Monaco,150.0,6.0,200,3000,15,80,1,0.05,1946,25.0
Pontiac,Montana SV6,201.0,6.0,200,3000,15,80,1,0.067,1946,33.5
Pontiac,Montana SV6,196.0,6.0,200,3000,15,80,1,0.06533333333333333,1946,32.666666666666664
Pontiac,Montana,185.0,6.0,200,3000,15,80,1,0.06166666666666667,1946,30.833333333333332
Pontiac,Montana,200.0,6.0,200,3000,15,80,1,0.06666666666666667,1946,33.333333333333336
Chevrolet,Monte Carlo,180.0,6.0,200,3000,15,80,1,0.06,1946,30.0
Chevrolet,Monte Carlo,200.0,6.0,200,3000,15,80,1,0.06666666666666667,1946,33.333333333333336
Chevrolet,Monte Carlo,240.0,6.0,200,3000,15,80,1,0.08,1946,40.0
Chevrolet,Monte Carlo,242.0,6.0,200,3000,15,80,1,0.08066666666666666,1946,40.333333333333336
Chevrolet,Monte Carlo,211.0,6.0,200,3000,15,80,1,0.07033333333333333,1946,35.166666666666664
Chevrolet,Monte Carlo,303.0,8.0,200,3000,15,80,1,0.101,1946,37.875
Mitsubishi,Montero Sport,197.0,6.0,200,3000,15,80,1,0.06566666666666666,1946,32.833333333333336
Mitsubishi,Montero Sport,165.0,6.0,200,3000,15,80,1,0.055,1946,27.5
Mitsubishi,Montero,215.0,6.0,200,3000,15,80,1,0.07166666666666667,1946,35.833333333333336
McLaren,MP4-12C,592.0,8.0,200,3000,15,80,1,0.19733333333333333,1946,74.0
McLaren,MP4-12C,616.0,8.0,200,3000,15,80,1,0.20533333333333334,1946,77.0
Mazda,MPV,200.0,6.0,200,3000,15,80,1,0.06666666666666667,1946,33.333333333333336
Toyota,MR2 Spyder,138.0,4.0,200,3000,15,80,1,0.046,1946,34.5
Toyota,MR2,135.0,4.0,200,3000,15,80,1,0.045,1946,33.75
Toyota,MR2,200.0,4.0,200,3000,15,80,1,0.06666666666666667,1946,50.0
Bentley,Mulsanne,505.0,8.0,200,3000,15,80,1,0.16833333333333333,1946,63.125
Bentley,Mulsanne,530.0,8.0,200,3000,15,80,1,0.17666666666666667,1946,66.25
Nissan,Murano CrossCabriolet,265.0,6.0,200,3000,15,80,1,0.08833333333333333,1946,44.166666666666664
Nissan,Murano,260.0,6.0,200,3000,15,80,1,0.08666666666666667,1946,43.333333333333336
Nissan,Murano,250.0,4.0,200,3000,15,80,1,0.08333333333333333,1946,62.5
Lamborghini,Murcielago,632.0,12.0,200,3000,15,80,1,0.21066666666666667,1946,52.666666666666664
Lamborghini,Murcielago,631.0,12.0,200,3000,15,80,1,0.21033333333333334,1946,52.583333333333336
Lamborghini,Murcielago,670.0,12.0,200,3000,15,80,1,0.22333333333333333,1946,55.833333333333336
Ford,Mustang SVT Cobra,305.0,8.0,200,3000,15,80,1,0.10166666666666667,1946,38.125
Ford,Mustang SVT Cobra,320.0,8.0,200,3000,15,80,1,0.10666666666666667,1946,40.0
Ford,Mustang,435.0,8.0,200,3000,15,80,1,0.145,1946,54.375
Ford,Mustang,300.0,6.0,200,3000,15,80,1,0.1,1946,50.0
Ford,Mustang,310.0,4.0,200,3000,15,80,1,0.10333333333333333,1946,77.5
Mazda,MX-3,130.0,6.0,200,3000,15,80,1,0.043333333333333335,1946,21.666666666666668
Mazda,MX-3,88.0,4.0,200,3000,15,80,1,0.029333333333333333,1946,22.0
Mazda,MX-5 Miata,158.0,4.0,200,3000,15,80,1,0.05266666666666667,1946,39.5
Mazda,MX-5 Miata,167.0,4.0,200,3000,15,80,1,0.05566666666666667,1946,41.75
Mazda,MX-5 Miata,155.0,4.0,200,3000,15,80,1,0.051666666666666666,1946,38.75
Mazda,MX-6,164.0,6.0,200,3000,15,80,1,0.05466666666666667,1946,27.333333333333332
Mazda,MX-6,118.0,4.0,200,3000,15,80,1,0.03933333333333333,1946,29.5
Mazda,MX-6,114.0,4.0,200,3000,15,80,1,0.038,1946,28.5
Mazda,Navajo,155.0,6.0,200,3000,15,80,1,0.051666666666666666,1946,25.833333333333332
Mazda,Navajo,160.0,6.0,200,3000,15,80,1,0.05333333333333334,1946,26.666666666666668
Lincoln,Navigator,365.0,6.0,200,3000,15,80,1,0.12166666666666667,1946,60.833333333333336
Lincoln,Navigator,380.0,6.0,200,3000,15,80,1,0.12666666666666668,1946,63.333333333333336
Dodge,Neon,215.0,4.0,200,3000,15,80,1,0.07166666666666667,1946,53.75
Dodge,Neon,132.0,4.0,200,3000,15,80,1,0.044,1946,33.0
Dodge,Neon,150.0,4.0,200,3000,15,80,1,0.05,1946,37.5
Dodge,Neon,225.0,4.0,200,3000,15,80,1,0.075,1946,56.25
Dodge,Neon,220.0,4.0,200,3000,15,80,1,0.07333333333333333,1946,55.0
Plymouth,Neon,132.0,4.0,200,3000,15,80,1,0.044,1946,33.0
Plymouth,Neon,150.0,4.0,200,3000,15,80,1,0.05,1946,37.5
Volkswagen,New Beetle,150.0,5.0,200,3000,15,80,1,0.05,1946,30.0
Chrysler,New Yorker,214.0,6.0,200,3000,15,80,1,0.07133333333333333,1946,35.666666666666664
Oldsmobile,Ninety-Eight,170.0,6.0,200,3000,15,80,1,0.056666666666666664,1946,28.333333333333332
Oldsmobile,Ninety-Eight,225.0,6.0,200,3000,15,80,1,0.075,1946,37.5
Oldsmobile,Ninety-Eight,205.0,6.0,200,3000,15,80,1,0.06833333333333333,1946,34.166666666666664
Dodge,Nitro,210.0,6.0,200,3000,15,80,1,0.07,1946,35.0
Dodge,Nitro,260.0,6.0,200,3000,15,80,1,0.08666666666666667,1946,43.333333333333336
Acura,NSX,290.0,6.0,200,3000,15,80,1,0.09666666666666666,1946,48.333333333333336
Acura,NSX,252.0,6.0,200,3000,15,80,1,0.084,1946,42.0
Acura,NSX,573.0,6.0,200,3000,15,80,1,0.191,1946,95.5
Nissan,NV200,131.0,4.0,200,3000,15,80,1,0.043666666666666666,1946,32.75
Lexus,NX 200t,235.0,4.0,200,3000,15,80,1,0.07833333333333334,1946,58.75
Lexus,NX 300h,194.0,4.0,200,3000,15,80,1,0.06466666666666666,1946,48.5
Nissan,NX,140.0,4.0,200,3000,15,80,1,0.04666666666666667,1946,35.0
Nissan,NX,110.0,4.0,200,3000,15,80,1,0.03666666666666667,1946,27.5
Honda,Odyssey,248.0,6.0,200,3000,15,80,1,0.08266666666666667,1946,41.333333333333336
Dodge,Omni,93.0,4.0,200,3000,15,80,1,0.031,1946,23.25
Kia,Optima Hybrid,199.0,4.0,200,3000,15,80,1,0.06633333333333333,1946,49.75
Kia,Optima Hybrid,192.0,4.0,200,3000,15,80,1,0.064,1946,48.0
Kia,Optima,199.0,4.0,200,3000,15,80,1,0.06633333333333333,1946,49.75
Kia,Optima,274.0,4.0,200,3000,15,80,1,0.09133333333333334,1946,68.5
Kia,Optima,192.0,4.0,200,3000,15,80,1,0.064,1946,48.0
Kia,Optima,245.0,4.0,200,3000,15,80,1,0.08166666666666667,1946,61.25
Kia,Optima,178.0,4.0,200,3000,15,80,1,0.059333333333333335,1946,44.5
Kia,Optima,185.0,4.0,200,3000,15,80,1,0.06166666666666667,1946,46.25
Subaru,Outback,175.0,4.0,200,3000,15,80,1,0.058333333333333334,1946,43.75
Subaru,Outback,256.0,6.0,200,3000,15,80,1,0.08533333333333333,1946,42.666666666666664
Mitsubishi,Outlander Sport,148.0,4.0,200,3000,15,80,1,0.04933333333333333,1946,37.0
Mitsubishi,Outlander Sport,168.0,4.0,200,3000,15,80,1,0.056,1946,42.0
Mitsubishi,Outlander,166.0,4.0,200,3000,15,80,1,0.05533333333333333,1946,41.5
Mitsubishi,Outlander,224.0,6.0,200,3000,15,80,1,0.07466666666666667,1946,37.333333333333336
Chrysler,Pacifica,200.0,6.0,200,3000,15,80,1,0.06666666666666667,1946,33.333333333333336
Chrysler,Pacifica,255.0,6.0,200,3000,15,80,1,0.085,1946,42.5
Chrysler,Pacifica,253.0,6.0,200,3000,15,80,1,0.08433333333333333,1946,42.166666666666664
Chrysler,Pacifica,287.0,6.0,200,3000,15,80,1,0.09566666666666666,1946,47.833333333333336
Porsche,Panamera,570.0,8.0,200,3000,15,80,1,0.19,1946,71.25
Porsche,Panamera,310.0,6.0,200,3000,15,80,1,0.10333333333333333,1946,51.666666666666664
Porsche,Panamera,420.0,6.0,200,3000,15,80,1,0.14,1946,70.0
Porsche,Panamera,520.0,8.0,200,3000,15,80,1,0.17333333333333334,1946,65.0
Porsche,Panamera,440.0,8.0,200,3000,15,80,1,0.14666666666666667,1946,55.0
Buick,Park Avenue,240.0,6.0,200,3000,15,80,1,0.08,1946,40.0
Buick,Park Avenue,205.0,6.0,200,3000,15,80,1,0.06833333333333333,1946,34.166666666666664
Rolls-Royce,Park Ward,322.0,12.0,200,3000,15,80,1,0.10733333333333334,1946,26.833333333333332
Toyota,Paseo,100.0,4.0,200,3000,15,80,1,0.03333333333333333,1946,25.0
Toyota,Paseo,93.0,4.0,200,3000,15,80,1,0.031,1946,23.25
Volkswagen,Passat,170.0,4.0,200,3000,15,80,1,0.056666666666666664,1946,42.5
Volkswagen,Passat,150.0,4.0,200,3000,15,80,1,0.05,1946,37.5
Volkswagen,Passat,280.0,6.0,200,3000,15,80,1,0.09333333333333334,1946,46.666666666666664
Honda,Passport,205.0,6.0,200,3000,15,80,1,0.06833333333333333,1946,34.166666666666664
Nissan,Pathfinder,260.0,6.0,200,3000,15,80,1,0.08666666666666667,1946,43.333333333333336
Nissan,Pathfinder,284.0,6.0,200,3000,15,80,1,0.09466666666666666,1946,47.333333333333336
Volkswagen,Phaeton,335.0,8.0,200,3000,15,80,1,0.11166666666666666,1946,41.875
Volkswagen,Phaeton,420.0,12.0,200,3000,15,80,1,0.14,1946,35.0
Volkswagen,Phaeton,444.0,12.0,200,3000,15,80,1,0.148,1946,37.0
Rolls-Royce,Phantom Coupe,453.0,12.0,200,3000,15,80,1,0.151,1946,37.75
Rolls-Royce,Phantom Drophead Coupe,453.0,12.0,200,3000,15,80,1,0.151,1946,37.75
Rolls-Royce,Phantom,453.0,12.0,200,3000,15,80,1,0.151,1946,37.75
Toyota,Pickup,150.0,6.0,200,3000,15,80,1,0.05,1946,25.0
Toyota,Pickup,116.0,4.0,200,3000,15,80,1,0.03866666666666667,1946,29.0
Honda,Pilot,250.0,6.0,200,3000,15,80,1,0.08333333333333333,1946,41.666666666666664
Honda,Pilot,280.0,6.0,200,3000,15,80,1,0.09333333333333334,1946,46.666666666666664
Mitsubishi,Precis,81.0,4.0,200,3000,15,80,1,0.027,1946,20.25
Honda,Prelude,200.0,4.0,200,3000,15,80,1,0.06666666666666667,1946,50.0
Honda,Prelude,195.0,4.0,200,3000,15,80,1,0.065,1946,48.75
Toyota,Previa,138.0,4.0,200,3000,15,80,1,0.046,1946,34.5
Toyota,Previa,161.0,4.0,200,3000,15,80,1,0.05366666666666667,1946,40.25
Toyota,Prius c,99.0,4.0,200,3000,15,80,1,0.033,1946,24.75
Toyota,Prius Prime,121.0,4.0,200,3000,15,80,1,0.04033333333333333,1946,30.25
Toyota,Prius v,134.0,4.0,200,3000,15,80,1,0.04466666666666667,1946,33.5
Toyota,Prius,134.0,4.0,200,3000,15,80,1,0.04466666666666667,1946,33.5
Toyota,Prius,121.0,4.0,200,3000,15,80,1,0.04033333333333333,1946,30.25
Chevrolet,Prizm,125.0,4.0,200,3000,15,80,1,0.041666666666666664,1946,31.25
Ford,Probe,118.0,4.0,200,3000,15,80,1,0.03933333333333333,1946,29.5
Ford,Probe,164.0,6.0,200,3000,15,80,1,0.05466666666666667,1946,27.333333333333332
Mazda,Protege5,130.0,4.0,200,3000,15,80,1,0.043333333333333335,1946,32.5
Mazda,Protege,130.0,4.0,200,3000,15,80,1,0.043333333333333335,1946,32.5
Mazda,Protege,103.0,4.0,200,3000,15,80,1,0.034333333333333334,1946,25.75
Mazda,Protege,140.0,4.0,200,3000,15,80,1,0.04666666666666667,1946,35.0
Chrysler,Prowler,253.0,6.0,200,3000,15,80,1,0.08433333333333333,1946,42.166666666666664
Plymouth,Prowler,253.0,6.0,200,3000,15,80,1,0.08433333333333333,1946,42.166666666666664
Chrysler,PT Cruiser,150.0,4.0,200,3000,15,80,1,0.05,1946,37.5
Chrysler,PT Cruiser,180.0,4.0,200,3000,15,80,1,0.06,1946,45.0
Nissan,Pulsar,90.0,4.0,200,3000,15,80,1,0.03,1946,22.5
Audi,Q3,200.0,4.0,200,3000,15,80,1,0.06666666666666667,1946,50.0
Infiniti,Q40,328.0,6.0,200,3000,15,80,1,0.10933333333333334,1946,54.666666666666664
Infiniti,Q45,340.0,8.0,200,3000,15,80,1,0.11333333333333333,1946,42.5
Infiniti,Q50,328.0,6.0,200,3000,15,80,1,0.10933333333333334,1946,54.666666666666664
Infiniti,Q50,360.0,6.0,200,3000,15,80,1,0.12,1946,60.0
Infiniti,Q50,208.0,4.0,200,3000,15,80,1,0.06933333333333333,1946,52.0
Infiniti,Q50,400.0,6.0,200,3000,15,80,1,0.13333333333333333,1946,66.66666666666667
Infiniti,Q50,300.0,6.0,200,3000,15,80,1,0.1,1946,50.0
Audi,Q5,272.0,6.0,200,3000,15,80,1,0.09066666666666667,1946,45.333333333333336
Audi,Q5,240.0,6.0,200,3000,15,80,1,0.08,1946,40.0
Audi,Q5,245.0,4.0,200,3000,15,80,1,0.08166666666666667,1946,61.25
Audi,Q5,220.0,4.0,200,3000,15,80,1,0.07333333333333333,1946,55.0
Infiniti,Q60 Convertible,325.0,6.0,200,3000,15,80,1,0.10833333333333334,1946,54.166666666666664
Infiniti,Q60 Convertible,343.0,6.0,200,3000,15,80,1,0.11433333333333333,1946,57.166666666666664
Infiniti,Q60 Coupe,348.0,6.0,200,3000,15,80,1,0.116,1946,58.0
Infiniti,Q60 Coupe,330.0,6.0,200,3000,15,80,1,0.11,1946,55.0
Infiniti,Q60 Coupe,400.0,6.0,200,3000,15,80,1,0.13333333333333333,1946,66.66666666666667
Infiniti,Q60 Coupe,300.0,6.0,200,3000,15,80,1,0.1,1946,50.0
Infiniti,Q60 Coupe,208.0,4.0,200,3000,15,80,1,0.06933333333333333,1946,52.0
Infiniti,Q70,330.0,6.0,200,3000,15,80,1,0.11,1946,55.0
Infiniti,Q70,360.0,6.0,200,3000,15,80,1,0.12,1946,60.0
Infiniti,Q70,420.0,8.0,200,3000,15,80,1,0.14,1946,52.5
Infiniti,Q70,416.0,8.0,200,3000,15,80,1,0.13866666666666666,1946,52.0
Audi,Q7,240.0,6.0,200,3000,15,80,1,0.08,1946,40.0
Audi,Q7,333.0,6.0,200,3000,15,80,1,0.111,1946,55.5
Audi,Q7,280.0,6.0,200,3000,15,80,1,0.09333333333333334,1946,46.666666666666664
Maserati,Quattroporte,404.0,6.0,200,3000,15,80,1,0.13466666666666666,1946,67.33333333333333
Maserati,Quattroporte,523.0,8.0,200,3000,15,80,1,0.17433333333333334,1946,65.375
Nissan,Quest,260.0,6.0,200,3000,15,80,1,0.08666666666666667,1946,43.333333333333336
Infiniti,QX4,240.0,6.0,200,3000,15,80,1,0.08,1946,40.0
Infiniti,QX50,325.0,6.0,200,3000,15,80,1,0.10833333333333334,1946,54.166666666666664
Infiniti,QX56,320.0,8.0,200,3000,15,80,1,0.10666666666666667,1946,40.0
Infiniti,QX56,400.0,8.0,200,3000,15,80,1,0.13333333333333333,1946,50.0
Infiniti,QX60,230.0,4.0,200,3000,15,80,1,0.07666666666666666,1946,57.5
Infiniti,QX60,265.0,6.0,200,3000,15,80,1,0.08833333333333333,1946,44.166666666666664
Infiniti,QX60,250.0,4.0,200,3000,15,80,1,0.08333333333333333,1946,62.5
Infiniti,QX60,295.0,6.0,200,3000,15,80,1,0.09833333333333333,1946,49.166666666666664
Infiniti,QX70,325.0,6.0,200,3000,15,80,1,0.10833333333333334,1946,54.166666666666664
Infiniti,QX80,400.0,8.0,200,3000,15,80,1,0.13333333333333333,1946,50.0
Infiniti,QX,400.0,8.0,200,3000,15,80,1,0.13333333333333333,1946,50.0
Mercedes-Benz,R-Class,268.0,6.0,200,3000,15,80,1,0.08933333333333333,1946,44.666666666666664
Mercedes-Benz,R-Class,210.0,6.0,200,3000,15,80,1,0.07,1946,35.0
Mercedes-Benz,R-Class,302.0,6.0,200,3000,15,80,1,0.10066666666666667,1946,50.333333333333336
Volkswagen,R32,240.0,6.0,200,3000,15,80,1,0.08,1946,40.0
Volkswagen,R32,250.0,6.0,200,3000,15,80,1,0.08333333333333333,1946,41.666666666666664
Audi,R8,525.0,10.0,200,3000,15,80,1,0.175,1946,52.5
Audi,R8,430.0,8.0,200,3000,15,80,1,0.14333333333333334,1946,53.75
Audi,R8,550.0,10.0,200,3000,15,80,1,0.18333333333333332,1946,55.0
Audi,R8,570.0,10.0,200,3000,15,80,1,0.19,1946,57.0
Audi,R8,540.0,10.0,200,3000,15,80,1,0.18,1946,54.0
Audi,R8,610.0,10.0,200,3000,15,80,1,0.20333333333333334,1946,61.0
Volkswagen,Rabbit,150.0,5.0,200,3000,15,80,1,0.05,1946,30.0
Volkswagen,Rabbit,170.0,5.0,200,3000,15,80,1,0.056666666666666664,1946,34.0
Mitsubishi,Raider,210.0,6.0,200,3000,15,80,1,0.07,1946,35.0
Mitsubishi,Raider,235.0,8.0,200,3000,15,80,1,0.07833333333333334,1946,29.375
Buick,Rainier,275.0,6.0,200,3000,15,80,1,0.09166666666666666,1946,45.833333333333336
Buick,Rainier,291.0,6.0,200,3000,15,80,1,0.097,1946,48.5
GMC,Rally Wagon,195.0,8.0,200,3000,15,80,1,0.065,1946,24.375
GMC,Rally Wagon,155.0,6.0,200,3000,15,80,1,0.051666666666666666,1946,25.833333333333332
GMC,Rally Wagon,165.0,6.0,200,3000,15,80,1,0.055,1946,27.5
Dodge,RAM 150,125.0,6.0,200,3000,15,80,1,0.041666666666666664,1946,20.833333333333332
Dodge,RAM 150,170.0,8.0,200,3000,15,80,1,0.056666666666666664,1946,21.25
Dodge,RAM 150,180.0,6.0,200,3000,15,80,1,0.06,1946,30.0
Dodge,RAM 150,230.0,8.0,200,3000,15,80,1,0.07666666666666666,1946,28.75
Dodge,RAM 250,170.0,8.0,200,3000,15,80,1,0.056666666666666664,1946,21.25
Dodge,RAM 250,125.0,8.0,200,3000,15,80,1,0.041666666666666664,1946,15.625
Dodge,RAM 250,230.0,8.0,200,3000,15,80,1,0.07666666666666666,1946,28.75
Dodge,RAM 250,180.0,6.0,200,3000,15,80,1,0.06,1946,30.0
Dodge,Ram 50 Pickup,116.0,4.0,200,3000,15,80,1,0.03866666666666667,1946,29.0
Dodge,Ram 50 Pickup,143.0,6.0,200,3000,15,80,1,0.04766666666666667,1946,23.833333333333332
Dodge,Ram 50 Pickup,115.0,4.0,200,3000,15,80,1,0.03833333333333333,1946,28.75
Dodge,Ram Cargo,225.0,8.0,200,3000,15,80,1,0.075,1946,28.125
Dodge,Ram Cargo,175.0,6.0,200,3000,15,80,1,0.058333333333333334,1946,29.166666666666668
Dodge,Ram Pickup 1500,215.0,6.0,200,3000,15,80,1,0.07166666666666667,1946,35.833333333333336
Dodge,Ram Pickup 1500,345.0,8.0,200,3000,15,80,1,0.115,1946,43.125
Dodge,Ram Pickup 1500,310.0,8.0,200,3000,15,80,1,0.10333333333333333,1946,38.75
Dodge,Ram Pickup 1500,390.0,8.0,200,3000,15,80,1,0.13,1946,48.75
Dodge,Ram Pickup 1500,210.0,6.0,200,3000,15,80,1,0.07,1946,35.0
Dodge,Ram Van,230.0,8.0,200,3000,15,80,1,0.07666666666666666,1946,28.75
Dodge,Ram Van,175.0,6.0,200,3000,15,80,1,0.058333333333333334,1946,29.166666666666668
Dodge,Ram Van,225.0,8.0,200,3000,15,80,1,0.075,1946,28.125
Dodge,Ram Wagon,175.0,6.0,200,3000,15,80,1,0.058333333333333334,1946,29.166666666666668
Dodge,Ram Wagon,225.0,8.0,200,3000,15,80,1,0.075,1946,28.125
Dodge,Ramcharger,170.0,8.0,200,3000,15,80,1,0.056666666666666664,1946,21.25
Dodge,Ramcharger,230.0,8.0,200,3000,15,80,1,0.07666666666666666,1946,28.75
Land Rover,Range Rover Evoque,240.0,4.0,200,3000,15,80,1,0.08,1946,60.0
Land Rover,Range Rover Sport,510.0,8.0,200,3000,15,80,1,0.17,1946,63.75
Land Rover,Range Rover Sport,340.0,6.0,200,3000,15,80,1,0.11333333333333333,1946,56.666666666666664
Land Rover,Range Rover Sport,550.0,8.0,200,3000,15,80,1,0.18333333333333332,1946,68.75
Land Rover,Range Rover Sport,254.0,6.0,200,3000,15,80,1,0.08466666666666667,1946,42.333333333333336
Land Rover,Range Rover,510.0,8.0,200,3000,15,80,1,0.17,1946,63.75
Land Rover,Range Rover,340.0,6.0,200,3000,15,80,1,0.11333333333333333,1946,56.666666666666664
Land Rover,Range Rover,254.0,6.0,200,3000,15,80,1,0.08466666666666667,1946,42.333333333333336
Land Rover,Range Rover,550.0,8.0,200,3000,15,80,1,0.18333333333333332,1946,68.75
Land Rover,Range Rover,380.0,6.0,200,3000,15,80,1,0.12666666666666668,1946,63.333333333333336
Ford,Ranger,143.0,4.0,200,3000,15,80,1,0.04766666666666667,1946,35.75
Ford,Ranger,207.0,6.0,200,3000,15,80,1,0.069,1946,34.5
Aston Martin,Rapide S,550.0,12.0,200,3000,15,80,1,0.18333333333333332,1946,45.833333333333336
Aston Martin,Rapide S,552.0,12.0,200,3000,15,80,1,0.184,1946,46.0
Aston Martin,Rapide,470.0,12.0,200,3000,15,80,1,0.15666666666666668,1946,39.166666666666664
Toyota,RAV4 Hybrid,194.0,4.0,200,3000,15,80,1,0.06466666666666666,1946,48.5
Toyota,RAV4,176.0,4.0,200,3000,15,80,1,0.058666666666666666,1946,44.0
Lexus,RC 200t,241.0,4.0,200,3000,15,80,1,0.08033333333333334,1946,60.25
Lexus,RC 300,255.0,6.0,200,3000,15,80,1,0.085,1946,42.5
Lexus,RC 350,306.0,6.0,200,3000,15,80,1,0.102,1946,51.0
Lexus,RC F,467.0,8.0,200,3000,15,80,1,0.15566666666666668,1946,58.375
Acura,RDX,273.0,6.0,200,3000,15,80,1,0.091,1946,45.5
Acura,RDX,279.0,6.0,200,3000,15,80,1,0.093,1946,46.5
Buick,Reatta,165.0,6.0,200,3000,15,80,1,0.055,1946,27.5
Buick,Reatta,170.0,6.0,200,3000,15,80,1,0.056666666666666664,1946,28.333333333333332
Buick,Regal,259.0,4.0,200,3000,15,80,1,0.08633333333333333,1946,64.75
Buick,Regal,182.0,4.0,200,3000,15,80,1,0.06066666666666667,1946,45.5
Oldsmobile,Regency,205.0,6.0,200,3000,15,80,1,0.06833333333333333,1946,34.166666666666664
Buick,Rendezvous,185.0,6.0,200,3000,15,80,1,0.06166666666666667,1946,30.833333333333332
Buick,Rendezvous,195.0,6.0,200,3000,15,80,1,0.065,1946,32.5
Buick,Rendezvous,196.0,6.0,200,3000,15,80,1,0.06533333333333333,1946,32.666666666666664
Suzuki,Reno,126.0,4.0,200,3000,15,80,1,0.042,1946,31.5
Suzuki,Reno,127.0,4.0,200,3000,15,80,1,0.042333333333333334,1946,31.75
Lamborghini,Reventon,650.0,12.0,200,3000,15,80,1,0.21666666666666667,1946,54.166666666666664
Honda,Ridgeline,250.0,6.0,200,3000,15,80,1,0.08333333333333333,1946,41.666666666666664
Honda,Ridgeline,280.0,6.0,200,3000,15,80,1,0.09333333333333334,1946,46.666666666666664
Kia,Rio,138.0,4.0,200,3000,15,80,1,0.046,1946,34.5
Buick,Riviera,205.0,6.0,200,3000,15,80,1,0.06833333333333333,1946,34.166666666666664
Buick,Riviera,240.0,6.0,200,3000,15,80,1,0.08,1946,40.0
Acura,RL,300.0,6.0,200,3000,15,80,1,0.1,1946,50.0
Acura,RLX,310.0,6.0,200,3000,15,80,1,0.10333333333333333,1946,51.666666666666664
Acura,RLX,377.0,6.0,200,3000,15,80,1,0.12566666666666668,1946,62.833333333333336
Buick,Roadmaster,260.0,8.0,200,3000,15,80,1,0.08666666666666667,1946,32.5
Nissan,Rogue Select,170.0,4.0,200,3000,15,80,1,0.056666666666666664,1946,42.5
Nissan,Rogue,170.0,4.0,200,3000,15,80,1,0.056666666666666664,1946,42.5
Kia,Rondo,162.0,4.0,200,3000,15,80,1,0.054,1946,40.5
Kia,Rondo,182.0,6.0,200,3000,15,80,1,0.06066666666666667,1946,30.333333333333332
Kia,Rondo,192.0,6.0,200,3000,15,80,1,0.064,1946,32.0
Kia,Rondo,175.0,4.0,200,3000,15,80,1,0.058333333333333334,1946,43.75
Volkswagen,Routan,197.0,6.0,200,3000,15,80,1,0.06566666666666666,1946,32.833333333333336
Volkswagen,Routan,251.0,6.0,200,3000,15,80,1,0.08366666666666667,1946,41.833333333333336
Volkswagen,Routan,283.0,6.0,200,3000,15,80,1,0.09433333333333334,1946,47.166666666666664
Audi,RS 4,420.0,8.0,200,3000,15,80,1,0.14,1946,52.5
Audi,RS 5,450.0,8.0,200,3000,15,80,1,0.15,1946,56.25
Audi,RS 6,450.0,8.0,200,3000,15,80,1,0.15,1946,56.25
Audi,RS 7,560.0,8.0,200,3000,15,80,1,0.18666666666666668,1946,70.0
Acura,RSX,160.0,4.0,200,3000,15,80,1,0.05333333333333334,1946,40.0
Acura,RSX,200.0,4.0,200,3000,15,80,1,0.06666666666666667,1946,50.0
Acura,RSX,210.0,4.0,200,3000,15,80,1,0.07,1946,52.5
Acura,RSX,155.0,4.0,200,3000,15,80,1,0.051666666666666666,1946,38.75
Acura,RSX,201.0,4.0,200,3000,15,80,1,0.067,1946,50.25
Lexus,RX 300,220.0,6.0,200,3000,15,80,1,0.07333333333333333,1946,36.666666666666664
Lexus,RX 330,230.0,6.0,200,3000,15,80,1,0.07666666666666666,1946,38.333333333333336
Lexus,RX 330,223.0,6.0,200,3000,15,80,1,0.07433333333333333,1946,37.166666666666664
Lexus,RX 350,270.0,6.0,200,3000,15,80,1,0.09,1946,45.0
Lexus,RX 350,295.0,6.0,200,3000,15,80,1,0.09833333333333333,1946,49.166666666666664
Lexus,RX 400h,268.0,6.0,200,3000,15,80,1,0.08933333333333333,1946,44.666666666666664
Lexus,RX 450h,295.0,6.0,200,3000,15,80,1,0.09833333333333333,1946,49.166666666666664
Lexus,RX 450h,308.0,6.0,200,3000,15,80,1,0.10266666666666667,1946,51.333333333333336
Chevrolet,S-10 Blazer,160.0,6.0,200,3000,15,80,1,0.05333333333333334,1946,26.666666666666668
Chevrolet,S-10 Blazer,165.0,6.0,200,3000,15,80,1,0.055,1946,27.5
Chevrolet,S-10,190.0,6.0,200,3000,15,80,1,0.06333333333333334,1946,31.666666666666668
Chevrolet,S-10,120.0,4.0,200,3000,15,80,1,0.04,1946,30.0
GMC,S-15 Jimmy,160.0,6.0,200,3000,15,80,1,0.05333333333333334,1946,26.666666666666668
GMC,S-15 Jimmy,150.0,6.0,200,3000,15,80,1,0.05,1946,25.0
GMC,S-15,105.0,4.0,200,3000,15,80,1,0.035,1946,26.25
GMC,S-15,160.0,6.0,200,3000,15,80,1,0.05333333333333334,1946,26.666666666666668
Mercedes-Benz,S-Class,449.0,8.0,200,3000,15,80,1,0.14966666666666667,1946,56.125
Mercedes-Benz,S-Class,577.0,8.0,200,3000,15,80,1,0.19233333333333333,1946,72.125
Mercedes-Benz,S-Class,621.0,12.0,200,3000,15,80,1,0.207,1946,51.75
Mercedes-Benz,S-Class,523.0,12.0,200,3000,15,80,1,0.17433333333333334,1946,43.583333333333336
Honda,S2000,237.0,4.0,200,3000,15,80,1,0.079,1946,59.25
Audi,S3,292.0,4.0,200,3000,15,80,1,0.09733333333333333,1946,73.0
Volvo,S40,227.0,5.0,200,3000,15,80,1,0.07566666666666666,1946,45.4
Volvo,S40,168.0,5.0,200,3000,15,80,1,0.056,1946,33.6
Audi,S4,333.0,6.0,200,3000,15,80,1,0.111,1946,55.5
Audi,S5,333.0,6.0,200,3000,15,80,1,0.111,1946,55.5
Volvo,S60 Cross Country,240.0,4.0,200,3000,15,80,1,0.08,1946,60.0
Volvo,S60,250.0,5.0,200,3000,15,80,1,0.08333333333333333,1946,50.0
Volvo,S60,302.0,4.0,200,3000,15,80,1,0.10066666666666667,1946,75.5
Volvo,S60,325.0,6.0,200,3000,15,80,1,0.10833333333333334,1946,54.166666666666664
Volvo,S60,240.0,4.0,200,3000,15,80,1,0.08,1946,60.0
Volvo,S60,345.0,6.0,200,3000,15,80,1,0.115,1946,57.5
Audi,S6,420.0,8.0,200,3000,15,80,1,0.14,1946,52.5
Audi,S6,450.0,8.0,200,3000,15,80,1,0.15,1946,56.25
Volvo,S70,168.0,5.0,200,3000,15,80,1,0.056,1946,33.6
Volvo,S70,190.0,5.0,200,3000,15,80,1,0.06333333333333334,1946,38.0
Volvo,S70,236.0,5.0,200,3000,15,80,1,0.07866666666666666,1946,47.2
Volvo,S70,162.0,5.0,200,3000,15,80,1,0.054,1946,32.4
Audi,S7,420.0,8.0,200,3000,15,80,1,0.14,1946,52.5
Audi,S7,450.0,8.0,200,3000,15,80,1,0.15,1946,56.25
Volvo,S80,240.0,6.0,200,3000,15,80,1,0.08,1946,40.0
Volvo,S80,300.0,6.0,200,3000,15,80,1,0.1,1946,50.0
Volvo,S80,240.0,4.0,200,3000,15,80,1,0.08,1946,60.0
Audi,S8,520.0,8.0,200,3000,15,80,1,0.17333333333333334,1946,65.0
Audi,S8,605.0,8.0,200,3000,15,80,1,0.20166666666666666,1946,75.625
Volvo,S90,181.0,6.0,200,3000,15,80,1,0.060333333333333336,1946,30.166666666666668
Volvo,S90,250.0,4.0,200,3000,15,80,1,0.08333333333333333,1946,62.5
Volvo,S90,316.0,4.0,200,3000,15,80,1,0.10533333333333333,1946,79.0
GMC,Safari Cargo,190.0,6.0,200,3000,15,80,1,0.06333333333333334,1946,31.666666666666668
GMC,Safari,190.0,6.0,200,3000,15,80,1,0.06333333333333334,1946,31.666666666666668
Suzuki,Samurai,66.0,4.0,200,3000,15,80,1,0.022,1946,16.5
Hyundai,Santa Fe Sport,264.0,4.0,200,3000,15,80,1,0.088,1946,66.0
Hyundai,Santa Fe Sport,190.0,4.0,200,3000,15,80,1,0.06333333333333334,1946,47.5
Hyundai,Santa Fe Sport,265.0,4.0,200,3000,15,80,1,0.08833333333333333,1946,66.25
Hyundai,Santa Fe,290.0,6.0,200,3000,15,80,1,0.09666666666666666,1946,48.333333333333336
GMC,Savana Cargo,285.0,8.0,200,3000,15,80,1,0.095,1946,35.625
GMC,Savana Cargo,310.0,8.0,200,3000,15,80,1,0.10333333333333333,1946,38.75
GMC,Savana Cargo,195.0,6.0,200,3000,15,80,1,0.065,1946,32.5
GMC,Savana,310.0,8.0,200,3000,15,80,1,0.10333333333333333,1946,38.75
GMC,Savana,280.0,8.0,200,3000,15,80,1,0.09333333333333334,1946,35.0
GMC,Savana,285.0,8.0,200,3000,15,80,1,0.095,1946,35.625
Lexus,SC 300,225.0,6.0,200,3000,15,80,1,0.075,1946,37.5
Lexus,SC 400,290.0,8.0,200,3000,15,80,1,0.09666666666666666,1946,36.25
Lexus,SC 430,288.0,8.0,200,3000,15,80,1,0.096,1946,36.0
Hyundai,Scoupe,92.0,4.0,200,3000,15,80,1,0.030666666666666665,1946,23.0
Hyundai,Scoupe,115.0,4.0,200,3000,15,80,1,0.03833333333333333,1946,28.75
Chrysler,Sebring,235.0,6.0,200,3000,15,80,1,0.07833333333333334,1946,39.166666666666664
Chrysler,Sebring,173.0,4.0,200,3000,15,80,1,0.057666666666666665,1946,43.25
Chrysler,Sebring,186.0,6.0,200,3000,15,80,1,0.062,1946,31.0
Kia,Sedona,276.0,6.0,200,3000,15,80,1,0.092,1946,46.0
Nissan,Sentra,130.0,4.0,200,3000,15,80,1,0.043333333333333335,1946,32.5
Nissan,Sentra,124.0,4.0,200,3000,15,80,1,0.04133333333333333,1946,31.0
Nissan,Sentra,188.0,4.0,200,3000,15,80,1,0.06266666666666666,1946,47.0
Kia,Sephia,125.0,4.0,200,3000,15,80,1,0.041666666666666664,1946,31.25
Toyota,Sequoia,381.0,8.0,200,3000,15,80,1,0.127,1946,47.625
Cadillac,Seville,275.0,8.0,200,3000,15,80,1,0.09166666666666666,1946,34.375
Cadillac,Seville,300.0,8.0,200,3000,15,80,1,0.1,1946,37.5
Dodge,Shadow,93.0,4.0,200,3000,15,80,1,0.031,1946,23.25
Dodge,Shadow,100.0,4.0,200,3000,15,80,1,0.03333333333333333,1946,25.0
Dodge,Shadow,152.0,4.0,200,3000,15,80,1,0.050666666666666665,1946,38.0
Ford,Shelby GT350,526.0,8.0,200,3000,15,80,1,0.17533333333333334,1946,65.75
Ford,Shelby GT500,550.0,8.0,200,3000,15,80,1,0.18333333333333332,1946,68.75
Ford,Shelby GT500,662.0,8.0,200,3000,15,80,1,0.22066666666666668,1946,82.75
Suzuki,Sidekick,120.0,4.0,200,3000,15,80,1,0.04,1946,30.0
Suzuki,Sidekick,95.0,4.0,200,3000,15,80,1,0.03166666666666667,1946,23.75
Toyota,Sienna,266.0,6.0,200,3000,15,80,1,0.08866666666666667,1946,44.333333333333336
Toyota,Sienna,296.0,6.0,200,3000,15,80,1,0.09866666666666667,1946,49.333333333333336
GMC,Sierra 1500 Classic,295.0,8.0,200,3000,15,80,1,0.09833333333333333,1946,36.875
GMC,Sierra 1500 Classic,310.0,8.0,200,3000,15,80,1,0.10333333333333333,1946,38.75
GMC,Sierra 1500 Classic,195.0,6.0,200,3000,15,80,1,0.065,1946,32.5
GMC,Sierra 1500 Classic,285.0,8.0,200,3000,15,80,1,0.095,1946,35.625
GMC,Sierra 1500 Classic,345.0,8.0,200,3000,15,80,1,0.115,1946,43.125
GMC,Sierra 1500 Hybrid,332.0,8.0,200,3000,15,80,1,0.11066666666666666,1946,41.5
GMC,Sierra 1500,355.0,8.0,200,3000,15,80,1,0.11833333333333333,1946,44.375
GMC,Sierra 1500,285.0,6.0,200,3000,15,80,1,0.095,1946,47.5
GMC,Sierra 1500HD,300.0,8.0,200,3000,15,80,1,0.1,1946,37.5
GMC,Sierra C3,325.0,8.0,200,3000,15,80,1,0.10833333333333334,1946,40.625
GMC,Sierra Classic 1500,200.0,8.0,200,3000,15,80,1,0.06666666666666667,1946,25.0
Mitsubishi,Sigma,142.0,6.0,200,3000,15,80,1,0.04733333333333333,1946,23.666666666666668
Oldsmobile,Silhouette,185.0,6.0,200,3000,15,80,1,0.06166666666666667,1946,30.833333333333332
Rolls-Royce,Silver Seraph,322.0,12.0,200,3000,15,80,1,0.10733333333333334,1946,26.833333333333332
Chevrolet,Silverado 1500 Classic,285.0,8.0,200,3000,15,80,1,0.095,1946,35.625
Chevrolet,Silverado 1500 Classic,295.0,8.0,200,3000,15,80,1,0.09833333333333333,1946,36.875
Chevrolet,Silverado 1500 Classic,195.0,6.0,200,3000,15,80,1,0.065,1946,32.5
Chevrolet,Silverado 1500 Classic,310.0,8.0,200,3000,15,80,1,0.10333333333333333,1946,38.75
Chevrolet,Silverado 1500 Classic,345.0,8.0,200,3000,15,80,1,0.115,1946,43.125
Chevrolet,Silverado 1500 Hybrid,332.0,8.0,200,3000,15,80,1,0.11066666666666666,1946,41.5
Chevrolet,Silverado 1500,355.0,8.0,200,3000,15,80,1,0.11833333333333333,1946,44.375
Chevrolet,Silverado 1500,285.0,6.0,200,3000,15,80,1,0.095,1946,47.5
Cadillac,Sixty Special,200.0,8.0,200,3000,15,80,1,0.06666666666666667,1946,25.0
Buick,Skylark,150.0,4.0,200,3000,15,80,1,0.05,1946,37.5
Buick,Skylark,155.0,4.0,200,3000,15,80,1,0.051666666666666666,1946,38.75
Buick,Skylark,155.0,6.0,200,3000,15,80,1,0.051666666666666666,1946,25.833333333333332
Mercedes-Benz,SL-Class,329.0,6.0,200,3000,15,80,1,0.10966666666666666,1946,54.833333333333336
Mercedes-Benz,SL-Class,429.0,8.0,200,3000,15,80,1,0.143,1946,53.625
Mercedes-Benz,SL-Class,621.0,12.0,200,3000,15,80,1,0.207,1946,51.75
Mercedes-Benz,SL-Class,557.0,8.0,200,3000,15,80,1,0.18566666666666667,1946,69.625
Mercedes-Benz,SL-Class,449.0,8.0,200,3000,15,80,1,0.14966666666666667,1946,56.125
Mercedes-Benz,SL-Class,577.0,8.0,200,3000,15,80,1,0.19233333333333333,1946,72.125
Mercedes-Benz,SL-Class,362.0,6.0,200,3000,15,80,1,0.12066666666666667,1946,60.333333333333336
Mercedes-Benz,SLC-Class,362.0,6.0,200,3000,15,80,1,0.12066666666666667,1946,60.333333333333336
Mercedes-Benz,SLC-Class,241.0,4.0,200,3000,15,80,1,0.08033333333333334,1946,60.25
Mercedes-Benz,SLK-Class,302.0,6.0,200,3000,15,80,1,0.10066666666666667,1946,50.333333333333336
Mercedes-Benz,SLK-Class,415.0,8.0,200,3000,15,80,1,0.13833333333333334,1946,51.875
Mercedes-Benz,SLK-Class,201.0,4.0,200,3000,15,80,1,0.067,1946,50.25
Mercedes-Benz,SLK-Class,241.0,4.0,200,3000,15,80,1,0.08033333333333334,1946,60.25
Mercedes-Benz,SLK-Class,416.0,8.0,200,3000,15,80,1,0.13866666666666666,1946,52.0
Mercedes-Benz,SLR McLaren,641.0,8.0,200,3000,15,80,1,0.21366666666666667,1946,80.125
Mercedes-Benz,SLR McLaren,617.0,8.0,200,3000,15,80,1,0.20566666666666666,1946,77.125
Mercedes-Benz,SLS AMG GT Final Edition,583.0,8.0,200,3000,15,80,1,0.19433333333333333,1946,72.875
Mercedes-Benz,SLS AMG GT,583.0,8.0,200,3000,15,80,1,0.19433333333333333,1946,72.875
Mercedes-Benz,SLS AMG GT,622.0,8.0,200,3000,15,80,1,0.20733333333333334,1946,77.75
Mercedes-Benz,SLS AMG,563.0,8.0,200,3000,15,80,1,0.18766666666666668,1946,70.375
Acura,SLX,190.0,6.0,200,3000,15,80,1,0.06333333333333334,1946,31.666666666666668
Acura,SLX,215.0,6.0,200,3000,15,80,1,0.07166666666666667,1946,35.833333333333336
Pontiac,Solstice,177.0,4.0,200,3000,15,80,1,0.059,1946,44.25
Pontiac,Solstice,260.0,4.0,200,3000,15,80,1,0.08666666666666667,1946,65.0
Pontiac,Solstice,173.0,4.0,200,3000,15,80,1,0.057666666666666665,1946,43.25
Hyundai,Sonata Hybrid,199.0,4.0,200,3000,15,80,1,0.06633333333333333,1946,49.75
Hyundai,Sonata Hybrid,193.0,4.0,200,3000,15,80,1,0.06433333333333334,1946,48.25
Hyundai,Sonata,185.0,4.0,200,3000,15,80,1,0.06166666666666667,1946,46.25
Hyundai,Sonata,245.0,4.0,200,3000,15,80,1,0.08166666666666667,1946,61.25
Hyundai,Sonata,177.0,4.0,200,3000,15,80,1,0.059,1946,44.25
Hyundai,Sonata,178.0,4.0,200,3000,15,80,1,0.059333333333333335,1946,44.5
Chevrolet,Sonic,138.0,4.0,200,3000,15,80,1,0.046,1946,34.5
GMC,Sonoma,190.0,6.0,200,3000,15,80,1,0.06333333333333334,1946,31.666666666666668
GMC,Sonoma,120.0,4.0,200,3000,15,80,1,0.04,1946,30.0
Kia,Sorento,290.0,6.0,200,3000,15,80,1,0.09666666666666666,1946,48.333333333333336
Kia,Sorento,191.0,4.0,200,3000,15,80,1,0.06366666666666666,1946,47.75
Kia,Sorento,185.0,4.0,200,3000,15,80,1,0.06166666666666667,1946,46.25
Kia,Sorento,240.0,4.0,200,3000,15,80,1,0.08,1946,60.0
Kia,Soul,130.0,4.0,200,3000,15,80,1,0.043333333333333335,1946,32.5
Kia,Soul,164.0,4.0,200,3000,15,80,1,0.05466666666666667,1946,41.0
Chevrolet,Spark EV,140.0,0.0,200,3000,15,80,1,0.04666666666666667,1946,inf
Chevrolet,Spark,84.0,4.0,200,3000,15,80,1,0.028,1946,21.0
Chevrolet,Spark,98.0,4.0,200,3000,15,80,1,0.03266666666666666,1946,24.5
Kia,Spectra,138.0,4.0,200,3000,15,80,1,0.046,1946,34.5
Dodge,Spirit,101.0,4.0,200,3000,15,80,1,0.033666666666666664,1946,25.25
Dodge,Spirit,100.0,4.0,200,3000,15,80,1,0.03333333333333333,1946,25.0
Kia,Sportage,182.0,4.0,200,3000,15,80,1,0.06066666666666667,1946,45.5
Kia,Sportage,260.0,4.0,200,3000,15,80,1,0.08666666666666667,1946,65.0
Kia,Sportage,181.0,4.0,200,3000,15,80,1,0.060333333333333336,1946,45.25
Kia,Sportage,240.0,4.0,200,3000,15,80,1,0.08,1946,60.0
Kia,Sportage,237.0,4.0,200,3000,15,80,1,0.079,1946,59.25
Chevrolet,Sportvan,200.0,8.0,200,3000,15,80,1,0.06666666666666667,1946,25.0
Chevrolet,Sportvan,155.0,6.0,200,3000,15,80,1,0.051666666666666666,1946,25.833333333333332
Chevrolet,Sportvan,163.0,6.0,200,3000,15,80,1,0.05433333333333333,1946,27.166666666666668
Maserati,Spyder,390.0,8.0,200,3000,15,80,1,0.13,1946,48.75
Maserati,Spyder,385.0,8.0,200,3000,15,80,1,0.12833333333333333,1946,48.125
Audi,SQ5,354.0,6.0,200,3000,15,80,1,0.118,1946,59.0
Dodge,SRT Viper,640.0,10.0,200,3000,15,80,1,0.21333333333333335,1946,64.0
Cadillac,SRX,308.0,6.0,200,3000,15,80,1,0.10266666666666667,1946,51.333333333333336
Chevrolet,SS,415.0,8.0,200,3000,15,80,1,0.13833333333333334,1946,51.875
Chevrolet,SSR,300.0,8.0,200,3000,15,80,1,0.1,1946,37.5
Chevrolet,SSR,395.0,8.0,200,3000,15,80,1,0.13166666666666665,1946,49.375
Nissan,Stanza,138.0,4.0,200,3000,15,80,1,0.046,1946,34.5
Dodge,Stealth,320.0,6.0,200,3000,15,80,1,0.10666666666666667,1946,53.333333333333336
Dodge,Stealth,222.0,6.0,200,3000,15,80,1,0.074,1946,37.0
Dodge,Stealth,164.0,6.0,200,3000,15,80,1,0.05466666666666667,1946,27.333333333333332
Dodge,Stratus,200.0,6.0,200,3000,15,80,1,0.06666666666666667,1946,33.333333333333336
Dodge,Stratus,150.0,4.0,200,3000,15,80,1,0.05,1946,37.5
Dodge,Stratus,147.0,4.0,200,3000,15,80,1,0.049,1946,36.75
Dodge,Stratus,142.0,4.0,200,3000,15,80,1,0.04733333333333333,1946,35.5
Cadillac,STS-V,469.0,8.0,200,3000,15,80,1,0.15633333333333332,1946,58.625
Cadillac,STS,320.0,8.0,200,3000,15,80,1,0.10666666666666667,1946,40.0
Cadillac,STS,302.0,6.0,200,3000,15,80,1,0.10066666666666667,1946,50.333333333333336
Chevrolet,Suburban,355.0,8.0,200,3000,15,80,1,0.11833333333333333,1946,44.375
GMC,Suburban,255.0,8.0,200,3000,15,80,1,0.085,1946,31.875
Pontiac,Sunbird,111.0,4.0,200,3000,15,80,1,0.037,1946,27.75
Pontiac,Sunbird,140.0,6.0,200,3000,15,80,1,0.04666666666666667,1946,23.333333333333332
Pontiac,Sunbird,110.0,4.0,200,3000,15,80,1,0.03666666666666667,1946,27.5
Plymouth,Sundance,100.0,4.0,200,3000,15,80,1,0.03333333333333333,1946,25.0
Plymouth,Sundance,93.0,4.0,200,3000,15,80,1,0.031,1946,23.25
Pontiac,Sunfire,140.0,4.0,200,3000,15,80,1,0.04666666666666667,1946,35.0
Ferrari,Superamerica,532.0,12.0,200,3000,15,80,1,0.17733333333333334,1946,44.333333333333336
Bentley,Supersports Convertible ISR,631.0,12.0,200,3000,15,80,1,0.21033333333333334,1946,52.583333333333336
Toyota,Supra,320.0,6.0,200,3000,15,80,1,0.10666666666666667,1946,53.333333333333336
Toyota,Supra,220.0,6.0,200,3000,15,80,1,0.07333333333333333,1946,36.666666666666664
Toyota,Supra,225.0,6.0,200,3000,15,80,1,0.075,1946,37.5
Subaru,SVX,230.0,6.0,200,3000,15,80,1,0.07666666666666666,1946,38.333333333333336
Suzuki,Swift,79.0,4.0,200,3000,15,80,1,0.026333333333333334,1946,19.75
Suzuki,SX4,150.0,4.0,200,3000,15,80,1,0.05,1946,37.5
Suzuki,SX4,148.0,4.0,200,3000,15,80,1,0.04933333333333333,1946,37.0
GMC,Syclone,280.0,6.0,200,3000,15,80,1,0.09333333333333334,1946,46.666666666666664
Toyota,T100,190.0,6.0,200,3000,15,80,1,0.06333333333333334,1946,31.666666666666668
Toyota,T100,150.0,4.0,200,3000,15,80,1,0.05,1946,37.5
Toyota,Tacoma,236.0,6.0,200,3000,15,80,1,0.07866666666666666,1946,39.333333333333336
Toyota,Tacoma,159.0,4.0,200,3000,15,80,1,0.053,1946,39.75
Toyota,Tacoma,278.0,6.0,200,3000,15,80,1,0.09266666666666666,1946,46.333333333333336
Chevrolet,Tahoe Hybrid,332.0,8.0,200,3000,15,80,1,0.11066666666666666,1946,41.5
Chevrolet,Tahoe Limited/Z71,255.0,8.0,200,3000,15,80,1,0.085,1946,31.875
Chevrolet,Tahoe,355.0,8.0,200,3000,15,80,1,0.11833333333333333,1946,44.375
Ford,Taurus X,260.0,6.0,200,3000,15,80,1,0.08666666666666667,1946,43.333333333333336
Ford,Taurus X,263.0,6.0,200,3000,15,80,1,0.08766666666666667,1946,43.833333333333336
Ford,Taurus,288.0,6.0,200,3000,15,80,1,0.096,1946,48.0
Ford,Taurus,365.0,6.0,200,3000,15,80,1,0.12166666666666667,1946,60.833333333333336
Chrysler,TC,141.0,6.0,200,3000,15,80,1,0.047,1946,23.5
Chrysler,TC,200.0,4.0,200,3000,15,80,1,0.06666666666666667,1946,50.0
Scion,tC,179.0,4.0,200,3000,15,80,1,0.059666666666666666,1946,44.75
Ford,Tempo,96.0,4.0,200,3000,15,80,1,0.032,1946,24.0
Ford,Tempo,140.0,6.0,200,3000,15,80,1,0.04666666666666667,1946,23.333333333333332
Toyota,Tercel,93.0,4.0,200,3000,15,80,1,0.031,1946,23.25
GMC,Terrain,182.0,4.0,200,3000,15,80,1,0.06066666666666667,1946,45.5
Buick,Terraza,200.0,6.0,200,3000,15,80,1,0.06666666666666667,1946,33.333333333333336
Buick,Terraza,196.0,6.0,200,3000,15,80,1,0.06533333333333333,1946,32.666666666666664
Buick,Terraza,201.0,6.0,200,3000,15,80,1,0.067,1946,33.5
Buick,Terraza,240.0,6.0,200,3000,15,80,1,0.08,1946,40.0
Ford,Thunderbird,280.0,8.0,200,3000,15,80,1,0.09333333333333334,1946,35.0
Hyundai,Tiburon,138.0,4.0,200,3000,15,80,1,0.046,1946,34.5
Hyundai,Tiburon,172.0,6.0,200,3000,15,80,1,0.05733333333333333,1946,28.666666666666668
Volkswagen,Tiguan,200.0,4.0,200,3000,15,80,1,0.06666666666666667,1946,50.0
Nissan,Titan,317.0,8.0,200,3000,15,80,1,0.10566666666666667,1946,39.625
Nissan,Titan,390.0,8.0,200,3000,15,80,1,0.13,1946,48.75
Acura,TL,305.0,6.0,200,3000,15,80,1,0.10166666666666667,1946,50.833333333333336
Acura,TL,280.0,6.0,200,3000,15,80,1,0.09333333333333334,1946,46.666666666666664
Acura,TLX,290.0,6.0,200,3000,15,80,1,0.09666666666666666,1946,48.333333333333336
Acura,TLX,206.0,4.0,200,3000,15,80,1,0.06866666666666667,1946,51.5
Oldsmobile,Toronado,165.0,6.0,200,3000,15,80,1,0.055,1946,27.5
Oldsmobile,Toronado,170.0,6.0,200,3000,15,80,1,0.056666666666666664,1946,28.333333333333332
Pontiac,Torrent,185.0,6.0,200,3000,15,80,1,0.06166666666666667,1946,30.833333333333332
Pontiac,Torrent,264.0,6.0,200,3000,15,80,1,0.088,1946,44.0
Volkswagen,Touareg 2,350.0,8.0,200,3000,15,80,1,0.11666666666666667,1946,43.75
Volkswagen,Touareg 2,280.0,6.0,200,3000,15,80,1,0.09333333333333334,1946,46.666666666666664
Volkswagen,Touareg 2,310.0,10.0,200,3000,15,80,1,0.10333333333333333,1946,31.0
Volkswagen,Touareg 2,221.0,6.0,200,3000,15,80,1,0.07366666666666667,1946,36.833333333333336
Volkswagen,Touareg,240.0,6.0,200,3000,15,80,1,0.08,1946,40.0
Volkswagen,Touareg,280.0,6.0,200,3000,15,80,1,0.09333333333333334,1946,46.666666666666664
Volkswagen,Touareg,380.0,6.0,200,3000,15,80,1,0.12666666666666668,1946,63.333333333333336
Chrysler,Town and Country,283.0,6.0,200,3000,15,80,1,0.09433333333333334,1946,47.166666666666664
Lincoln,Town Car,239.0,8.0,200,3000,15,80,1,0.07966666666666666,1946,29.875
Chevrolet,Tracker,127.0,4.0,200,3000,15,80,1,0.042333333333333334,1946,31.75
Chevrolet,Tracker,155.0,6.0,200,3000,15,80,1,0.051666666666666666,1946,25.833333333333332
Chevrolet,Tracker,165.0,6.0,200,3000,15,80,1,0.055,1946,27.5
Chevrolet,TrailBlazer EXT,275.0,6.0,200,3000,15,80,1,0.09166666666666666,1946,45.833333333333336
Chevrolet,TrailBlazer EXT,291.0,6.0,200,3000,15,80,1,0.097,1946,48.5
Chevrolet,TrailBlazer,291.0,6.0,200,3000,15,80,1,0.097,1946,48.5
Chevrolet,TrailBlazer,395.0,8.0,200,3000,15,80,1,0.13166666666666665,1946,49.375
Chevrolet,TrailBlazer,285.0,6.0,200,3000,15,80,1,0.095,1946,47.5
Chevrolet,TrailBlazer,390.0,8.0,200,3000,15,80,1,0.13,1946,48.75
Pontiac,Trans Sport,180.0,6.0,200,3000,15,80,1,0.06,1946,30.0
Ford,Transit Connect,169.0,4.0,200,3000,15,80,1,0.05633333333333333,1946,42.25
Ford,Transit Wagon,275.0,6.0,200,3000,15,80,1,0.09166666666666666,1946,45.833333333333336
Ford,Transit Wagon,310.0,6.0,200,3000,15,80,1,0.10333333333333333,1946,51.666666666666664
Chevrolet,Traverse,288.0,6.0,200,3000,15,80,1,0.096,1946,48.0
Chevrolet,Traverse,281.0,6.0,200,3000,15,80,1,0.09366666666666666,1946,46.833333333333336
Chevrolet,Trax,138.0,4.0,200,3000,15,80,1,0.046,1946,34.5
Subaru,Tribeca,256.0,6.0,200,3000,15,80,1,0.08533333333333333,1946,42.666666666666664
Mazda,Tribute Hybrid,133.0,4.0,200,3000,15,80,1,0.044333333333333336,1946,33.25
Mazda,Tribute Hybrid,177.0,4.0,200,3000,15,80,1,0.059,1946,44.25
Mazda,Tribute,171.0,4.0,200,3000,15,80,1,0.057,1946,42.75
Mazda,Tribute,240.0,6.0,200,3000,15,80,1,0.08,1946,40.0
Mazda,Truck,135.0,4.0,200,3000,15,80,1,0.045,1946,33.75
Mazda,Truck,207.0,6.0,200,3000,15,80,1,0.069,1946,34.5
Mazda,Truck,147.0,6.0,200,3000,15,80,1,0.049,1946,24.5
Nissan,Truck,134.0,4.0,200,3000,15,80,1,0.04466666666666667,1946,33.5
Nissan,Truck,153.0,6.0,200,3000,15,80,1,0.051,1946,25.5
Acura,TSX Sport Wagon,201.0,4.0,200,3000,15,80,1,0.067,1946,50.25
Acura,TSX,201.0,4.0,200,3000,15,80,1,0.067,1946,50.25
Acura,TSX,280.0,6.0,200,3000,15,80,1,0.09333333333333334,1946,46.666666666666664
Audi,TT RS,360.0,5.0,200,3000,15,80,1,0.12,1946,72.0
Audi,TT,211.0,4.0,200,3000,15,80,1,0.07033333333333333,1946,52.75
Audi,TT,220.0,4.0,200,3000,15,80,1,0.07333333333333333,1946,55.0
Audi,TTS,265.0,4.0,200,3000,15,80,1,0.08833333333333333,1946,66.25
Audi,TTS,292.0,4.0,200,3000,15,80,1,0.09733333333333333,1946,73.0
Hyundai,Tucson,182.0,4.0,200,3000,15,80,1,0.06066666666666667,1946,45.5
Hyundai,Tucson,164.0,4.0,200,3000,15,80,1,0.05466666666666667,1946,41.0
Hyundai,Tucson,180.0,4.0,200,3000,15,80,1,0.06,1946,45.0
Hyundai,Tucson,175.0,4.0,200,3000,15,80,1,0.058333333333333334,1946,43.75
Toyota,Tundra,310.0,8.0,200,3000,15,80,1,0.10333333333333333,1946,38.75
Toyota,Tundra,381.0,8.0,200,3000,15,80,1,0.127,1946,47.625
GMC,Typhoon,285.0,6.0,200,3000,15,80,1,0.095,1946,47.5
Chevrolet,Uplander,201.0,6.0,200,3000,15,80,1,0.067,1946,33.5
Chevrolet,Uplander,196.0,6.0,200,3000,15,80,1,0.06533333333333333,1946,32.666666666666664
Chevrolet,Uplander,240.0,6.0,200,3000,15,80,1,0.08,1946,40.0
Aston Martin,V12 Vanquish,460.0,12.0,200,3000,15,80,1,0.15333333333333332,1946,38.333333333333336
Aston Martin,V12 Vanquish,520.0,12.0,200,3000,15,80,1,0.17333333333333334,1946,43.333333333333336
Aston Martin,V12 Vantage S,565.0,12.0,200,3000,15,80,1,0.18833333333333332,1946,47.083333333333336
Aston Martin,V12 Vantage,510.0,12.0,200,3000,15,80,1,0.17,1946,42.5
Volvo,V40,160.0,4.0,200,3000,15,80,1,0.05333333333333334,1946,40.0
Volvo,V40,170.0,4.0,200,3000,15,80,1,0.056666666666666664,1946,42.5
Volvo,V50,168.0,5.0,200,3000,15,80,1,0.056,1946,33.6
Volvo,V50,227.0,5.0,200,3000,15,80,1,0.07566666666666666,1946,45.4
Volvo,V60 Cross Country,250.0,5.0,200,3000,15,80,1,0.08333333333333333,1946,50.0
Volvo,V60 Cross Country,240.0,4.0,200,3000,15,80,1,0.08,1946,60.0
Volvo,V60,325.0,6.0,200,3000,15,80,1,0.10833333333333334,1946,54.166666666666664
Volvo,V60,250.0,5.0,200,3000,15,80,1,0.08333333333333333,1946,50.0
Volvo,V60,240.0,4.0,200,3000,15,80,1,0.08,1946,60.0
Volvo,V60,302.0,4.0,200,3000,15,80,1,0.10066666666666667,1946,75.5
Volvo,V60,345.0,6.0,200,3000,15,80,1,0.115,1946,57.5
Volvo,V70,235.0,6.0,200,3000,15,80,1,0.07833333333333334,1946,39.166666666666664
Aston Martin,V8 Vantage,430.0,8.0,200,3000,15,80,1,0.14333333333333334,1946,53.75
Aston Martin,V8 Vantage,420.0,8.0,200,3000,15,80,1,0.14,1946,52.5
Audi,V8,276.0,8.0,200,3000,15,80,1,0.092,1946,34.5
Volvo,V90,181.0,6.0,200,3000,15,80,1,0.060333333333333336,1946,30.166666666666668
Volkswagen,Vanagon,90.0,4.0,200,3000,15,80,1,0.03,1946,22.5
GMC,Vandura,200.0,6.0,200,3000,15,80,1,0.06666666666666667,1946,33.333333333333336
GMC,Vandura,165.0,6.0,200,3000,15,80,1,0.055,1946,27.5
GMC,Vandura,200.0,8.0,200,3000,15,80,1,0.06666666666666667,1946,25.0
Nissan,Van,106.0,4.0,200,3000,15,80,1,0.035333333333333335,1946,26.5
Aston Martin,Vanquish,565.0,12.0,200,3000,15,80,1,0.18833333333333332,1946,47.083333333333336
Aston Martin,Vanquish,568.0,12.0,200,3000,15,80,1,0.18933333333333333,1946,47.333333333333336
Mitsubishi,Vanwagon,107.0,4.0,200,3000,15,80,1,0.035666666666666666,1946,26.75
Hyundai,Veloster,201.0,4.0,200,3000,15,80,1,0.067,1946,50.25
Hyundai,Veloster,132.0,4.0,200,3000,15,80,1,0.044,1946,33.0
Hyundai,Veloster,138.0,4.0,200,3000,15,80,1,0.046,1946,34.5
Chevrolet,Venture,185.0,6.0,200,3000,15,80,1,0.06166666666666667,1946,30.833333333333332
Toyota,Venza,181.0,4.0,200,3000,15,80,1,0.060333333333333336,1946,45.25
Toyota,Venza,268.0,6.0,200,3000,15,80,1,0.08933333333333333,1946,44.666666666666664
Hyundai,Veracruz,260.0,6.0,200,3000,15,80,1,0.08666666666666667,1946,43.333333333333336
Buick,Verano,180.0,4.0,200,3000,15,80,1,0.06,1946,45.0
Buick,Verano,250.0,4.0,200,3000,15,80,1,0.08333333333333333,1946,62.5
Suzuki,Verona,155.0,6.0,200,3000,15,80,1,0.051666666666666666,1946,25.833333333333332
Nissan,Versa Note,109.0,4.0,200,3000,15,80,1,0.036333333333333336,1946,27.25
Nissan,Versa,109.0,4.0,200,3000,15,80,1,0.036333333333333336,1946,27.25
Bugatti,Veyron 16.4,1001.0,16.0,200,3000,15,80,1,0.33366666666666667,1946,62.5625
Pontiac,Vibe,126.0,4.0,200,3000,15,80,1,0.042,1946,31.5
Pontiac,Vibe,132.0,4.0,200,3000,15,80,1,0.044,1946,33.0
Pontiac,Vibe,158.0,4.0,200,3000,15,80,1,0.05266666666666667,1946,39.5
Acura,Vigor,176.0,5.0,200,3000,15,80,1,0.058666666666666666,1946,35.2
Dodge,Viper,645.0,10.0,200,3000,15,80,1,0.215,1946,64.5
Aston Martin,Virage,490.0,12.0,200,3000,15,80,1,0.16333333333333333,1946,40.833333333333336
Suzuki,Vitara,127.0,4.0,200,3000,15,80,1,0.042333333333333334,1946,31.75
Suzuki,Vitara,165.0,6.0,200,3000,15,80,1,0.055,1946,27.5
Chrysler,Voyager,180.0,6.0,200,3000,15,80,1,0.06,1946,30.0
Chrysler,Voyager,150.0,4.0,200,3000,15,80,1,0.05,1946,37.5
Plymouth,Voyager,150.0,4.0,200,3000,15,80,1,0.05,1946,37.5
Plymouth,Voyager,150.0,6.0,200,3000,15,80,1,0.05,1946,25.0
Plymouth,Voyager,158.0,6.0,200,3000,15,80,1,0.05266666666666667,1946,26.333333333333332
Ford,Windstar Cargo,200.0,6.0,200,3000,15,80,1,0.06666666666666667,1946,33.333333333333336
Ford,Windstar,200.0,6.0,200,3000,15,80,1,0.06666666666666667,1946,33.333333333333336
Rolls-Royce,Wraith,624.0,12.0,200,3000,15,80,1,0.208,1946,52.0
Subaru,WRX,305.0,4.0,200,3000,15,80,1,0.10166666666666667,1946,76.25
Subaru,WRX,268.0,4.0,200,3000,15,80,1,0.08933333333333333,1946,67.0
Suzuki,X-90,95.0,4.0,200,3000,15,80,1,0.03166666666666667,1946,23.75
BMW,X1,240.0,4.0,200,3000,15,80,1,0.08,1946,60.0
BMW,X1,300.0,6.0,200,3000,15,80,1,0.1,1946,50.0
BMW,X1,228.0,4.0,200,3000,15,80,1,0.076,1946,57.0
BMW,X3,300.0,6.0,200,3000,15,80,1,0.1,1946,50.0
BMW,X3,240.0,4.0,200,3000,15,80,1,0.08,1946,60.0
BMW,X3,180.0,4.0,200,3000,15,80,1,0.06,1946,45.0
BMW,X4,240.0,4.0,200,3000,15,80,1,0.08,1946,60.0
BMW,X4,300.0,6.0,200,3000,15,80,1,0.1,1946,50.0
BMW,X4,360.0,6.0,200,3000,15,80,1,0.12,1946,60.0
BMW,X4,355.0,6.0,200,3000,15,80,1,0.11833333333333333,1946,59.166666666666664
BMW,X5 M,567.0,8.0,200,3000,15,80,1,0.189,1946,70.875
BMW,X5,255.0,6.0,200,3000,15,80,1,0.085,1946,42.5
BMW,X5,300.0,6.0,200,3000,15,80,1,0.1,1946,50.0
BMW,X5,445.0,8.0,200,3000,15,80,1,0.14833333333333334,1946,55.625
BMW,X6 M,567.0,8.0,200,3000,15,80,1,0.189,1946,70.875
BMW,X6,300.0,6.0,200,3000,15,80,1,0.1,1946,50.0
BMW,X6,445.0,8.0,200,3000,15,80,1,0.14833333333333334,1946,55.625
Scion,xA,108.0,4.0,200,3000,15,80,1,0.036,1946,27.0
Scion,xA,103.0,4.0,200,3000,15,80,1,0.034333333333333334,1946,25.75
Scion,xB,158.0,4.0,200,3000,15,80,1,0.05266666666666667,1946,39.5
Volvo,XC60,325.0,6.0,200,3000,15,80,1,0.10833333333333334,1946,54.166666666666664
Volvo,XC60,300.0,6.0,200,3000,15,80,1,0.1,1946,50.0
Volvo,XC60,302.0,4.0,200,3000,15,80,1,0.10066666666666667,1946,75.5
Volvo,XC60,240.0,4.0,200,3000,15,80,1,0.08,1946,60.0
Volvo,XC60,240.0,6.0,200,3000,15,80,1,0.08,1946,40.0
Volvo,XC60,250.0,5.0,200,3000,15,80,1,0.08333333333333333,1946,50.0
Volvo,XC70,240.0,6.0,200,3000,15,80,1,0.08,1946,40.0
Volvo,XC70,300.0,6.0,200,3000,15,80,1,0.1,1946,50.0
Volvo,XC70,240.0,4.0,200,3000,15,80,1,0.08,1946,60.0
Volvo,XC70,250.0,5.0,200,3000,15,80,1,0.08333333333333333,1946,50.0
Volvo,XC90,240.0,6.0,200,3000,15,80,1,0.08,1946,40.0
Volvo,XC90,250.0,4.0,200,3000,15,80,1,0.08333333333333333,1946,62.5
Volvo,XC90,316.0,4.0,200,3000,15,80,1,0.10533333333333333,1946,79.0
Volvo,XC,197.0,5.0,200,3000,15,80,1,0.06566666666666666,1946,39.4
Scion,xD,128.0,4.0,200,3000,15,80,1,0.042666666666666665,1946,32.0
Hyundai,XG300,192.0,6.0,200,3000,15,80,1,0.064,1946,32.0
Hyundai,XG350,194.0,6.0,200,3000,15,80,1,0.06466666666666666,1946,32.333333333333336
Suzuki,XL-7,185.0,6.0,200,3000,15,80,1,0.06166666666666667,1946,30.833333333333332
Suzuki,XL7,252.0,6.0,200,3000,15,80,1,0.084,1946,42.0
Cadillac,XLR-V,443.0,8.0,200,3000,15,80,1,0.14766666666666667,1946,55.375
Cadillac,XLR,320.0,8.0,200,3000,15,80,1,0.10666666666666667,1946,40.0
Cadillac,XT5,310.0,6.0,200,3000,15,80,1,0.10333333333333333,1946,51.666666666666664
Nissan,Xterra,261.0,6.0,200,3000,15,80,1,0.087,1946,43.5
Cadillac,XTS,304.0,6.0,200,3000,15,80,1,0.10133333333333333,1946,50.666666666666664
Cadillac,XTS,410.0,6.0,200,3000,15,80,1,0.13666666666666666,1946,68.33333333333333
Subaru,XT,97.0,4.0,200,3000,15,80,1,0.03233333333333333,1946,24.25
Subaru,XT,145.0,6.0,200,3000,15,80,1,0.04833333333333333,1946,24.166666666666668
Subaru,XV Crosstrek,148.0,4.0,200,3000,15,80,1,0.04933333333333333,1946,37.0
Subaru,XV Crosstrek,160.0,4.0,200,3000,15,80,1,0.05333333333333334,1946,40.0
Toyota,Yaris iA,106.0,4.0,200,3000,15,80,1,0.035333333333333335,1946,26.5
Toyota,Yaris,106.0,4.0,200,3000,15,80,1,0.035333333333333335,1946,26.5
GMC,Yukon Denali,255.0,8.0,200,3000,15,80,1,0.085,1946,31.875
GMC,Yukon Hybrid,332.0,8.0,200,3000,15,80,1,0.11066666666666666,1946,41.5
GMC,Yukon XL,355.0,8.0,200,3000,15,80,1,0.11833333333333333,1946,44.375
GMC,Yukon XL,420.0,8.0,200,3000,15,80,1,0.14,1946,52.5
GMC,Yukon,355.0,8.0,200,3000,15,80,1,0.11833333333333333,1946,44.375
GMC,Yukon,420.0,8.0,200,3000,15,80,1,0.14,1946,52.5
BMW,Z3,193.0,6.0,200,3000,15,80,1,0.06433333333333334,1946,32.166666666666664
BMW,Z3,170.0,6.0,200,3000,15,80,1,0.056666666666666664,1946,28.333333333333332
BMW,Z3,225.0,6.0,200,3000,15,80,1,0.075,1946,37.5
BMW,Z3,184.0,6.0,200,3000,15,80,1,0.06133333333333333,1946,30.666666666666668
BMW,Z4 M,330.0,6.0,200,3000,15,80,1,0.11,1946,55.0
BMW,Z4,240.0,4.0,200,3000,15,80,1,0.08,1946,60.0
BMW,Z4,300.0,6.0,200,3000,15,80,1,0.1,1946,50.0
BMW,Z4,335.0,6.0,200,3000,15,80,1,0.11166666666666666,1946,55.833333333333336
BMW,Z8,394.0,8.0,200,3000,15,80,1,0.13133333333333333,1946,49.25
Acura,ZDX,300.0,6.0,200,3000,15,80,1,0.1,1946,50.0
Lincoln,Zephyr,221.0,6.0,200,3000,15,80,1,0.07366666666666667,1946,36.833333333333336
